Salle,OS,Logiciel,Licence,Alternative_libre,Nb_postes,Usage_hebdo_h,Energie_kWh,Cout_licence_euros,Duree_vie_annees,Recyclable,Score_NIRD
Salle_1,MacOS,Logiciel_1,Libre,Logiciel_1,16,19.6,5.6,0.0,9,False,72
Salle_1,MacOS,Logiciel_2,Propriétaire,Libre_2,16,22.3,5.6,368.63,8,True,33
Salle_1,MacOS,Logiciel_3,Libre,Logiciel_3,16,9.2,3.1,0.0,7,False,71
Salle_1,MacOS,Logiciel_4,Propriétaire,Libre_4,16,5.5,5.1,229.94,6,False,24
Salle_1,MacOS,Logiciel_5,Propriétaire,Libre_5,16,20.7,3.2,281.41,3,True,16
Salle_1,MacOS,Logiciel_6,Propriétaire,Libre_6,16,6.3,7.7,484.53,4,False,35
Salle_1,MacOS,Logiciel_7,Propriétaire,Libre_7,16,18.7,4.6,104.92,7,False,44
Salle_1,MacOS,Logiciel_8,Libre,Logiciel_8,16,10.2,6.0,0.0,4,False,91
Salle_1,MacOS,Logiciel_9,Propriétaire,Libre_9,16,5.6,7.1,252.39,4,False,23
Salle_1,MacOS,Logiciel_10,Libre,Logiciel_10,16,11.5,5.4,0.0,6,True,89
Salle_1,MacOS,Logiciel_11,Libre,Logiciel_11,16,19.9,5.2,0.0,4,False,94
Salle_1,MacOS,Logiciel_12,Propriétaire,Libre_12,16,21.0,2.4,494.1,3,True,33
Salle_1,MacOS,Logiciel_13,Propriétaire,Libre_13,16,9.0,6.3,405.58,5,True,48
Salle_1,MacOS,Logiciel_14,Libre,Logiciel_14,16,23.3,7.1,0.0,6,False,97
Salle_1,MacOS,Logiciel_15,Propriétaire,Libre_15,16,18.4,6.0,316.08,8,False,10
Salle_1,MacOS,Logiciel_16,Propriétaire,Libre_16,16,24.4,7.1,374.78,9,False,48
Salle_1,MacOS,Logiciel_17,Propriétaire,Libre_17,16,19.2,2.7,247.7,5,True,48
Salle_1,MacOS,Logiciel_18,Propriétaire,Libre_18,16,16.3,6.2,112.7,9,False,52
Salle_1,MacOS,Logiciel_19,Propriétaire,Libre_19,16,23.9,5.6,362.65,6,False,54
Salle_1,MacOS,Logiciel_20,Propriétaire,Libre_20,16,7.1,4.7,148.3,6,False,20
Salle_2,MacOS,Logiciel_1,Propriétaire,Libre_1,32,23.1,3.6,341.46,3,False,50
Salle_2,MacOS,Logiciel_2,Propriétaire,Libre_2,32,8.3,5.2,268.17,3,True,53
Salle_2,MacOS,Logiciel_3,Propriétaire,Libre_3,32,8.4,3.3,301.15,6,False,58
Salle_2,MacOS,Logiciel_4,Propriétaire,Libre_4,32,9.9,6.2,370.52,7,True,26
Salle_2,MacOS,Logiciel_5,Propriétaire,Libre_5,32,24.5,4.5,64.87,3,False,11
Salle_2,MacOS,Logiciel_6,Propriétaire,Libre_6,32,14.0,5.3,316.71,9,False,26
Salle_2,MacOS,Logiciel_7,Libre,Logiciel_7,32,12.4,5.8,0.0,8,False,97
Salle_2,MacOS,Logiciel_8,Libre,Logiciel_8,32,8.0,5.0,0.0,7,False,85
Salle_2,MacOS,Logiciel_9,Propriétaire,Libre_9,32,15.2,3.4,340.33,6,False,49
Salle_2,MacOS,Logiciel_10,Propriétaire,Libre_10,32,23.7,2.8,203.48,3,True,40
Salle_2,MacOS,Logiciel_11,Libre,Logiciel_11,32,10.2,6.0,0.0,4,False,98
Salle_2,MacOS,Logiciel_12,Propriétaire,Libre_12,32,6.9,7.4,455.19,5,True,50
Salle_2,MacOS,Logiciel_13,Propriétaire,Libre_13,32,19.5,7.4,449.19,3,False,20
Salle_2,MacOS,Logiciel_14,Libre,Logiciel_14,32,20.7,6.0,0.0,8,True,74
Salle_2,MacOS,Logiciel_15,Libre,Logiciel_15,32,5.1,3.0,0.0,4,False,84
Salle_2,MacOS,Logiciel_16,Libre,Logiciel_16,32,9.5,6.3,0.0,3,False,97
Salle_2,MacOS,Logiciel_17,Libre,Logiciel_17,32,18.0,7.1,0.0,3,False,97
Salle_2,MacOS,Logiciel_18,Propriétaire,Libre_18,32,12.4,3.6,159.8,8,False,17
Salle_2,MacOS,Logiciel_19,Libre,Logiciel_19,32,20.9,5.0,0.0,6,False,82
Salle_2,MacOS,Logiciel_20,Propriétaire,Libre_20,32,19.4,3.7,60.94,3,True,53
Salle_3,Windows 10,Logiciel_1,Libre,Logiciel_1,23,20.0,7.7,0.0,7,False,80
Salle_3,Windows 10,Logiciel_2,Libre,Logiciel_2,23,22.1,3.8,0.0,7,True,82
Salle_3,Windows 10,Logiciel_3,Propriétaire,Libre_3,23,8.4,5.3,471.27,4,False,55
Salle_3,Windows 10,Logiciel_4,Propriétaire,Libre_4,23,17.3,7.9,113.04,5,True,35
Salle_3,Windows 10,Logiciel_5,Libre,Logiciel_5,23,18.9,6.2,0.0,9,True,75
Salle_3,Windows 10,Logiciel_6,Libre,Logiciel_6,23,22.3,7.5,0.0,4,True,85
Salle_3,Windows 10,Logiciel_7,Libre,Logiciel_7,23,18.0,6.2,0.0,8,False,72
Salle_3,Windows 10,Logiciel_8,Propriétaire,Libre_8,23,16.6,4.6,352.41,5,False,31
Salle_3,Windows 10,Logiciel_9,Propriétaire,Libre_9,23,5.6,2.2,420.17,8,False,46
Salle_3,Windows 10,Logiciel_10,Propriétaire,Libre_10,23,20.4,3.3,330.3,6,False,41
Salle_3,Windows 10,Logiciel_11,Propriétaire,Libre_11,23,15.8,5.8,376.74,7,False,51
Salle_3,Windows 10,Logiciel_12,Propriétaire,Libre_12,23,20.9,3.6,247.54,9,True,35
Salle_3,Windows 10,Logiciel_13,Libre,Logiciel_13,23,21.7,6.2,0.0,7,True,50
Salle_3,Windows 10,Logiciel_14,Propriétaire,Libre_14,23,9.8,2.6,132.29,7,True,25
Salle_3,Windows 10,Logiciel_15,Propriétaire,Libre_15,23,18.1,4.6,378.52,5,True,25
Salle_3,Windows 10,Logiciel_16,Propriétaire,Libre_16,23,7.4,4.1,91.31,9,True,55
Salle_3,Windows 10,Logiciel_17,Libre,Logiciel_17,23,8.5,2.1,0.0,4,False,88
Salle_3,Windows 10,Logiciel_18,Propriétaire,Libre_18,23,14.3,5.9,71.63,8,False,43
Salle_3,Windows 10,Logiciel_19,Propriétaire,Libre_19,23,5.3,7.6,275.47,7,False,25
Salle_3,Windows 10,Logiciel_20,Propriétaire,Libre_20,23,17.8,2.2,313.6,5,False,21
Salle_4,Linux,Logiciel_1,Libre,Logiciel_1,27,14.2,5.3,0.0,7,False,50
Salle_4,Linux,Logiciel_2,Libre,Logiciel_2,27,23.1,3.2,0.0,7,True,95
Salle_4,Linux,Logiciel_3,Propriétaire,Libre_3,27,6.9,6.1,82.03,7,False,35
Salle_4,Linux,Logiciel_4,Propriétaire,Libre_4,27,10.2,5.0,361.8,4,False,38
Salle_4,Linux,Logiciel_5,Propriétaire,Libre_5,27,13.4,7.8,296.59,7,False,44
Salle_4,Linux,Logiciel_6,Libre,Logiciel_6,27,13.3,4.2,0.0,9,False,72
Salle_4,Linux,Logiciel_7,Libre,Logiciel_7,27,22.2,4.6,0.0,7,False,84
Salle_4,Linux,Logiciel_8,Propriétaire,Libre_8,27,23.1,5.0,421.91,8,True,28
Salle_4,Linux,Logiciel_9,Propriétaire,Libre_9,27,5.2,7.4,91.08,9,False,40
Salle_4,Linux,Logiciel_10,Libre,Logiciel_10,27,16.5,5.8,0.0,7,True,61
Salle_4,Linux,Logiciel_11,Propriétaire,Libre_11,27,18.5,6.5,406.21,3,True,51
Salle_4,Linux,Logiciel_12,Libre,Logiciel_12,27,24.9,2.3,0.0,5,False,92
Salle_4,Linux,Logiciel_13,Libre,Logiciel_13,27,24.4,6.1,0.0,4,False,87
Salle_4,Linux,Logiciel_14,Propriétaire,Libre_14,27,19.0,2.4,419.84,4,True,38
Salle_4,Linux,Logiciel_15,Propriétaire,Libre_15,27,24.7,4.2,216.79,6,True,16
Salle_4,Linux,Logiciel_16,Libre,Logiciel_16,27,20.1,4.3,0.0,9,False,93
Salle_4,Linux,Logiciel_17,Propriétaire,Libre_17,27,13.5,7.4,100.04,5,True,59
Salle_4,Linux,Logiciel_18,Propriétaire,Libre_18,27,6.1,2.7,102.89,3,False,12
Salle_4,Linux,Logiciel_19,Propriétaire,Libre_19,27,24.2,4.2,178.57,3,True,15
Salle_4,Linux,Logiciel_20,Libre,Logiciel_20,27,24.6,5.3,0.0,9,False,70
Salle_5,MacOS,Logiciel_1,Propriétaire,Libre_1,20,16.1,7.8,285.39,3,True,24
Salle_5,MacOS,Logiciel_2,Propriétaire,Libre_2,20,17.6,5.5,455.52,3,False,19
Salle_5,MacOS,Logiciel_3,Libre,Logiciel_3,20,22.8,4.7,0.0,6,False,77
Salle_5,MacOS,Logiciel_4,Libre,Logiciel_4,20,12.8,3.4,0.0,6,True,90
Salle_5,MacOS,Logiciel_5,Propriétaire,Libre_5,20,14.1,2.2,175.89,7,False,37
Salle_5,MacOS,Logiciel_6,Propriétaire,Libre_6,20,7.7,2.5,473.24,5,False,56
Salle_5,MacOS,Logiciel_7,Libre,Logiciel_7,20,6.7,7.3,0.0,5,True,82
Salle_5,MacOS,Logiciel_8,Libre,Logiciel_8,20,14.6,7.9,0.0,5,False,74
Salle_5,MacOS,Logiciel_9,Libre,Logiciel_9,20,21.8,7.0,0.0,4,True,50
Salle_5,MacOS,Logiciel_10,Propriétaire,Libre_10,20,6.5,6.2,290.46,7,False,32
Salle_5,MacOS,Logiciel_11,Libre,Logiciel_11,20,23.9,7.1,0.0,3,True,58
Salle_5,MacOS,Logiciel_12,Propriétaire,Libre_12,20,24.1,5.6,152.89,3,False,43
Salle_5,MacOS,Logiciel_13,Propriétaire,Libre_13,20,7.3,6.0,284.14,8,False,59
Salle_5,MacOS,Logiciel_14,Libre,Logiciel_14,20,16.0,5.4,0.0,8,False,66
Salle_5,MacOS,Logiciel_15,Propriétaire,Libre_15,20,5.6,6.5,329.14,4,False,48
Salle_5,MacOS,Logiciel_16,Propriétaire,Libre_16,20,5.3,4.1,315.46,8,False,43
Salle_5,MacOS,Logiciel_17,Propriétaire,Libre_17,20,15.3,6.7,228.44,9,False,26
Salle_5,MacOS,Logiciel_18,Libre,Logiciel_18,20,7.9,7.6,0.0,4,False,69
Salle_5,MacOS,Logiciel_19,Propriétaire,Libre_19,20,24.6,5.0,197.94,5,False,20
Salle_5,MacOS,Logiciel_20,Propriétaire,Libre_20,20,7.6,2.8,118.36,8,False,13
Salle_6,MacOS,Logiciel_1,Propriétaire,Libre_1,17,22.9,4.8,350.4,4,False,28
Salle_6,MacOS,Logiciel_2,Libre,Logiciel_2,17,11.9,4.1,0.0,8,True,50
Salle_6,MacOS,Logiciel_3,Propriétaire,Libre_3,17,12.1,7.4,107.94,4,False,18
Salle_6,MacOS,Logiciel_4,Propriétaire,Libre_4,17,14.6,6.1,280.25,5,False,26
Salle_6,MacOS,Logiciel_5,Propriétaire,Libre_5,17,21.1,6.5,133.03,9,False,31
Salle_6,MacOS,Logiciel_6,Propriétaire,Libre_6,17,20.2,5.2,374.23,4,True,16
Salle_6,MacOS,Logiciel_7,Libre,Logiciel_7,17,21.9,6.5,0.0,6,True,87
Salle_6,MacOS,Logiciel_8,Propriétaire,Libre_8,17,9.8,3.6,219.78,4,False,26
Salle_6,MacOS,Logiciel_9,Propriétaire,Libre_9,17,11.5,2.7,450.74,6,False,19
Salle_6,MacOS,Logiciel_10,Libre,Logiciel_10,17,15.0,2.5,0.0,9,False,96
Salle_6,MacOS,Logiciel_11,Libre,Logiciel_11,17,13.6,2.8,0.0,3,False,75
Salle_6,MacOS,Logiciel_12,Libre,Logiciel_12,17,9.9,5.0,0.0,8,False,82
Salle_6,MacOS,Logiciel_13,Propriétaire,Libre_13,17,9.5,4.2,269.51,8,True,39
Salle_6,MacOS,Logiciel_14,Propriétaire,Libre_14,17,22.9,2.5,286.03,7,False,40
Salle_6,MacOS,Logiciel_15,Libre,Logiciel_15,17,16.5,7.5,0.0,9,False,98
Salle_6,MacOS,Logiciel_16,Propriétaire,Libre_16,17,19.5,6.9,373.31,5,False,54
Salle_6,MacOS,Logiciel_17,Libre,Logiciel_17,17,8.7,3.9,0.0,5,True,69
Salle_6,MacOS,Logiciel_18,Propriétaire,Libre_18,17,7.3,5.7,179.88,7,False,45
Salle_6,MacOS,Logiciel_19,Propriétaire,Libre_19,17,16.9,4.2,254.42,7,True,53
Salle_6,MacOS,Logiciel_20,Propriétaire,Libre_20,17,18.7,2.5,112.47,3,False,20
Salle_7,MacOS,Logiciel_1,Libre,Logiciel_1,24,20.9,2.6,0.0,7,False,93
Salle_7,MacOS,Logiciel_2,Propriétaire,Libre_2,24,23.7,7.9,142.25,5,True,49
Salle_7,MacOS,Logiciel_3,Libre,Logiciel_3,24,6.0,6.7,0.0,5,False,63
Salle_7,MacOS,Logiciel_4,Libre,Logiciel_4,24,21.5,3.1,0.0,5,False,75
Salle_7,MacOS,Logiciel_5,Libre,Logiciel_5,24,11.3,5.5,0.0,4,False,88
Salle_7,MacOS,Logiciel_6,Libre,Logiciel_6,24,23.0,5.7,0.0,3,False,64
Salle_7,MacOS,Logiciel_7,Propriétaire,Libre_7,24,12.1,4.3,289.34,7,False,48
Salle_7,MacOS,Logiciel_8,Propriétaire,Libre_8,24,23.8,5.8,200.71,6,False,38
Salle_7,MacOS,Logiciel_9,Propriétaire,Libre_9,24,19.8,5.4,498.96,3,False,46
Salle_7,MacOS,Logiciel_10,Libre,Logiciel_10,24,7.9,3.2,0.0,4,False,59
Salle_7,MacOS,Logiciel_11,Propriétaire,Libre_11,24,21.4,2.7,430.9,6,False,38
Salle_7,MacOS,Logiciel_12,Propriétaire,Libre_12,24,14.7,4.5,397.35,5,False,45
Salle_7,MacOS,Logiciel_13,Propriétaire,Libre_13,24,10.0,4.1,131.72,4,False,15
Salle_7,MacOS,Logiciel_14,Propriétaire,Libre_14,24,14.2,7.7,119.01,7,True,27
Salle_7,MacOS,Logiciel_15,Libre,Logiciel_15,24,5.4,7.2,0.0,6,True,97
Salle_7,MacOS,Logiciel_16,Libre,Logiciel_16,24,23.4,6.2,0.0,4,False,80
Salle_7,MacOS,Logiciel_17,Libre,Logiciel_17,24,13.5,6.4,0.0,3,False,72
Salle_7,MacOS,Logiciel_18,Propriétaire,Libre_18,24,9.7,3.0,133.84,9,False,49
Salle_7,MacOS,Logiciel_19,Libre,Logiciel_19,24,12.6,6.5,0.0,4,False,75
Salle_7,MacOS,Logiciel_20,Propriétaire,Libre_20,24,13.0,5.2,463.94,4,False,36
Salle_8,Linux,Logiciel_1,Propriétaire,Libre_1,11,9.5,4.7,113.39,3,False,15
Salle_8,Linux,Logiciel_2,Propriétaire,Libre_2,11,11.2,6.7,174.91,4,True,30
Salle_8,Linux,Logiciel_3,Propriétaire,Libre_3,11,24.5,4.8,300.79,8,True,49
Salle_8,Linux,Logiciel_4,Propriétaire,Libre_4,11,16.9,2.4,387.48,5,False,41
Salle_8,Linux,Logiciel_5,Propriétaire,Libre_5,11,17.5,4.3,426.45,5,True,23
Salle_8,Linux,Logiciel_6,Libre,Logiciel_6,11,15.6,5.2,0.0,3,False,87
Salle_8,Linux,Logiciel_7,Libre,Logiciel_7,11,7.1,4.0,0.0,9,False,81
Salle_8,Linux,Logiciel_8,Propriétaire,Libre_8,11,22.9,5.2,410.34,9,True,59
Salle_8,Linux,Logiciel_9,Libre,Logiciel_9,11,13.2,5.3,0.0,5,True,57
Salle_8,Linux,Logiciel_10,Propriétaire,Libre_10,11,21.0,3.1,343.74,9,False,44
Salle_8,Linux,Logiciel_11,Propriétaire,Libre_11,11,19.4,7.1,423.6,6,False,30
Salle_8,Linux,Logiciel_12,Propriétaire,Libre_12,11,11.5,2.5,334.96,3,True,28
Salle_8,Linux,Logiciel_13,Propriétaire,Libre_13,11,22.5,5.9,366.78,3,False,29
Salle_8,Linux,Logiciel_14,Propriétaire,Libre_14,11,21.5,4.2,65.4,6,False,47
Salle_8,Linux,Logiciel_15,Libre,Logiciel_15,11,12.3,7.2,0.0,5,False,71
Salle_8,Linux,Logiciel_16,Libre,Logiciel_16,11,7.3,5.4,0.0,5,False,81
Salle_8,Linux,Logiciel_17,Propriétaire,Libre_17,11,5.4,3.6,293.74,7,False,18
Salle_8,Linux,Logiciel_18,Propriétaire,Libre_18,11,21.7,7.9,286.56,7,False,46
Salle_8,Linux,Logiciel_19,Propriétaire,Libre_19,11,23.3,2.7,309.43,8,True,46
Salle_8,Linux,Logiciel_20,Libre,Logiciel_20,11,21.6,3.2,0.0,4,True,76
Salle_9,Linux,Logiciel_1,Libre,Logiciel_1,34,16.9,5.6,0.0,3,False,59
Salle_9,Linux,Logiciel_2,Libre,Logiciel_2,34,13.4,4.3,0.0,4,False,51
Salle_9,Linux,Logiciel_3,Propriétaire,Libre_3,34,19.8,2.5,321.42,4,True,20
Salle_9,Linux,Logiciel_4,Propriétaire,Libre_4,34,12.1,6.3,183.7,5,False,56
Salle_9,Linux,Logiciel_5,Libre,Logiciel_5,34,7.7,4.9,0.0,4,True,69
Salle_9,Linux,Logiciel_6,Propriétaire,Libre_6,34,21.8,7.1,479.86,5,False,35
Salle_9,Linux,Logiciel_7,Propriétaire,Libre_7,34,11.9,4.1,235.76,7,False,51
Salle_9,Linux,Logiciel_8,Propriétaire,Libre_8,34,6.5,2.5,51.05,5,True,43
Salle_9,Linux,Logiciel_9,Propriétaire,Libre_9,34,11.3,6.8,482.94,3,False,58
Salle_9,Linux,Logiciel_10,Propriétaire,Libre_10,34,15.8,7.2,379.5,7,False,46
Salle_9,Linux,Logiciel_11,Libre,Logiciel_11,34,22.0,3.5,0.0,3,False,75
Salle_9,Linux,Logiciel_12,Propriétaire,Libre_12,34,18.4,2.3,314.72,3,True,30
Salle_9,Linux,Logiciel_13,Propriétaire,Libre_13,34,11.3,2.7,378.96,5,False,59
Salle_9,Linux,Logiciel_14,Propriétaire,Libre_14,34,20.9,6.5,74.7,5,False,51
Salle_9,Linux,Logiciel_15,Libre,Logiciel_15,34,18.0,4.2,0.0,6,True,83
Salle_9,Linux,Logiciel_16,Libre,Logiciel_16,34,15.6,4.6,0.0,9,True,64
Salle_9,Linux,Logiciel_17,Libre,Logiciel_17,34,15.8,6.0,0.0,7,False,65
Salle_9,Linux,Logiciel_18,Propriétaire,Libre_18,34,22.5,4.5,257.87,4,True,22
Salle_9,Linux,Logiciel_19,Propriétaire,Libre_19,34,23.8,6.8,499.07,6,True,58
Salle_9,Linux,Logiciel_20,Propriétaire,Libre_20,34,14.6,5.8,443.15,9,False,39
Salle_10,Linux,Logiciel_1,Propriétaire,Libre_1,34,19.8,3.4,99.71,8,True,59
Salle_10,Linux,Logiciel_2,Propriétaire,Libre_2,34,9.7,2.3,58.04,8,True,24
Salle_10,Linux,Logiciel_3,Propriétaire,Libre_3,34,18.6,3.3,477.48,7,True,15
Salle_10,Linux,Logiciel_4,Libre,Logiciel_4,34,22.7,5.6,0.0,8,False,74
Salle_10,Linux,Logiciel_5,Libre,Logiciel_5,34,6.3,4.4,0.0,7,False,94
Salle_10,Linux,Logiciel_6,Propriétaire,Libre_6,34,5.9,4.3,66.53,4,False,15
Salle_10,Linux,Logiciel_7,Libre,Logiciel_7,34,17.6,3.3,0.0,3,False,98
Salle_10,Linux,Logiciel_8,Propriétaire,Libre_8,34,12.9,6.5,363.21,5,False,47
Salle_10,Linux,Logiciel_9,Libre,Logiciel_9,34,20.0,2.2,0.0,6,False,83
Salle_10,Linux,Logiciel_10,Propriétaire,Libre_10,34,12.8,3.6,264.5,5,False,21
Salle_10,Linux,Logiciel_11,Propriétaire,Libre_11,34,11.6,7.6,380.85,4,False,24
Salle_10,Linux,Logiciel_12,Propriétaire,Libre_12,34,18.9,2.3,289.67,7,True,22
Salle_10,Linux,Logiciel_13,Libre,Logiciel_13,34,24.8,2.4,0.0,7,False,78
Salle_10,Linux,Logiciel_14,Libre,Logiciel_14,34,16.4,6.0,0.0,5,False,82
Salle_10,Linux,Logiciel_15,Libre,Logiciel_15,34,20.9,6.0,0.0,3,True,97
Salle_10,Linux,Logiciel_16,Libre,Logiciel_16,34,21.7,6.2,0.0,4,True,76
Salle_10,Linux,Logiciel_17,Libre,Logiciel_17,34,8.2,7.3,0.0,4,False,80
Salle_10,Linux,Logiciel_18,Libre,Logiciel_18,34,7.6,4.0,0.0,8,False,67
Salle_10,Linux,Logiciel_19,Libre,Logiciel_19,34,21.6,5.0,0.0,9,True,62
Salle_10,Linux,Logiciel_20,Libre,Logiciel_20,34,24.6,5.8,0.0,9,False,73
Salle_11,Linux,Logiciel_1,Propriétaire,Libre_1,22,10.7,2.1,244.51,4,False,24
Salle_11,Linux,Logiciel_2,Libre,Logiciel_2,22,7.1,7.6,0.0,6,True,76
Salle_11,Linux,Logiciel_3,Propriétaire,Libre_3,22,20.4,6.3,263.11,8,False,27
Salle_11,Linux,Logiciel_4,Libre,Logiciel_4,22,24.5,7.8,0.0,6,False,61
Salle_11,Linux,Logiciel_5,Propriétaire,Libre_5,22,5.4,3.9,269.89,5,True,32
Salle_11,Linux,Logiciel_6,Propriétaire,Libre_6,22,10.5,8.0,241.78,7,False,24
Salle_11,Linux,Logiciel_7,Libre,Logiciel_7,22,18.9,3.3,0.0,4,False,69
Salle_11,Linux,Logiciel_8,Libre,Logiciel_8,22,10.5,7.7,0.0,6,True,78
Salle_11,Linux,Logiciel_9,Libre,Logiciel_9,22,13.4,5.8,0.0,8,False,54
Salle_11,Linux,Logiciel_10,Libre,Logiciel_10,22,13.2,7.4,0.0,9,False,84
Salle_11,Linux,Logiciel_11,Propriétaire,Libre_11,22,18.0,4.2,438.96,5,False,55
Salle_11,Linux,Logiciel_12,Propriétaire,Libre_12,22,6.8,2.9,254.16,4,False,12
Salle_11,Linux,Logiciel_13,Libre,Logiciel_13,22,10.9,7.5,0.0,4,False,95
Salle_11,Linux,Logiciel_14,Propriétaire,Libre_14,22,5.0,5.6,323.29,6,False,47
Salle_11,Linux,Logiciel_15,Propriétaire,Libre_15,22,8.2,5.9,196.67,4,False,20
Salle_11,Linux,Logiciel_16,Libre,Logiciel_16,22,8.0,4.8,0.0,8,False,95
Salle_11,Linux,Logiciel_17,Libre,Logiciel_17,22,19.4,5.9,0.0,3,False,87
Salle_11,Linux,Logiciel_18,Libre,Logiciel_18,22,19.5,6.5,0.0,3,True,95
Salle_11,Linux,Logiciel_19,Propriétaire,Libre_19,22,15.0,5.7,366.11,4,False,59
Salle_11,Linux,Logiciel_20,Propriétaire,Libre_20,22,15.4,2.5,207.78,3,False,35
Salle_12,Linux,Logiciel_1,Propriétaire,Libre_1,31,16.4,6.1,410.26,4,True,53
Salle_12,Linux,Logiciel_2,Propriétaire,Libre_2,31,17.7,6.2,64.21,8,False,40
Salle_12,Linux,Logiciel_3,Propriétaire,Libre_3,31,19.2,7.2,371.34,8,False,56
Salle_12,Linux,Logiciel_4,Libre,Logiciel_4,31,6.6,7.4,0.0,6,False,71
Salle_12,Linux,Logiciel_5,Propriétaire,Libre_5,31,17.9,5.2,379.22,5,False,21
Salle_12,Linux,Logiciel_6,Propriétaire,Libre_6,31,8.2,7.2,148.65,9,False,54
Salle_12,Linux,Logiciel_7,Propriétaire,Libre_7,31,20.8,6.0,274.19,4,True,28
Salle_12,Linux,Logiciel_8,Propriétaire,Libre_8,31,24.9,7.8,342.65,4,False,38
Salle_12,Linux,Logiciel_9,Propriétaire,Libre_9,31,9.1,7.0,128.39,7,False,33
Salle_12,Linux,Logiciel_10,Propriétaire,Libre_10,31,11.9,4.2,494.44,4,False,41
Salle_12,Linux,Logiciel_11,Propriétaire,Libre_11,31,5.6,4.4,322.78,9,False,15
Salle_12,Linux,Logiciel_12,Libre,Logiciel_12,31,24.8,3.7,0.0,7,True,94
Salle_12,Linux,Logiciel_13,Propriétaire,Libre_13,31,21.7,3.4,399.2,6,False,32
Salle_12,Linux,Logiciel_14,Libre,Logiciel_14,31,12.5,5.1,0.0,7,False,94
Salle_12,Linux,Logiciel_15,Propriétaire,Libre_15,31,6.9,4.4,316.81,9,False,11
Salle_12,Linux,Logiciel_16,Propriétaire,Libre_16,31,18.0,3.9,229.57,5,False,10
Salle_12,Linux,Logiciel_17,Libre,Logiciel_17,31,7.6,7.8,0.0,9,True,59
Salle_12,Linux,Logiciel_18,Propriétaire,Libre_18,31,8.4,5.1,201.65,8,True,14
Salle_12,Linux,Logiciel_19,Propriétaire,Libre_19,31,17.3,6.2,125.17,6,False,52
Salle_12,Linux,Logiciel_20,Libre,Logiciel_20,31,18.3,4.8,0.0,3,False,77
Salle_13,Linux,Logiciel_1,Propriétaire,Libre_1,24,15.8,2.2,494.01,3,False,29
Salle_13,Linux,Logiciel_2,Propriétaire,Libre_2,24,17.8,3.3,131.0,5,False,58
Salle_13,Linux,Logiciel_3,Propriétaire,Libre_3,24,18.8,4.4,265.95,5,True,43
Salle_13,Linux,Logiciel_4,Propriétaire,Libre_4,24,24.5,5.5,164.4,5,False,53
Salle_13,Linux,Logiciel_5,Propriétaire,Libre_5,24,7.5,2.8,114.59,4,True,17
Salle_13,Linux,Logiciel_6,Libre,Logiciel_6,24,6.9,6.0,0.0,8,False,71
Salle_13,Linux,Logiciel_7,Propriétaire,Libre_7,24,18.2,7.9,218.43,8,False,26
Salle_13,Linux,Logiciel_8,Libre,Logiciel_8,24,22.3,6.6,0.0,5,False,95
Salle_13,Linux,Logiciel_9,Libre,Logiciel_9,24,17.0,7.6,0.0,8,False,54
Salle_13,Linux,Logiciel_10,Propriétaire,Libre_10,24,12.0,3.0,322.23,9,False,50
Salle_13,Linux,Logiciel_11,Libre,Logiciel_11,24,20.0,2.5,0.0,9,False,53
Salle_13,Linux,Logiciel_12,Libre,Logiciel_12,24,20.3,7.6,0.0,5,False,67
Salle_13,Linux,Logiciel_13,Libre,Logiciel_13,24,11.3,7.2,0.0,3,True,56
Salle_13,Linux,Logiciel_14,Propriétaire,Libre_14,24,11.5,4.2,228.28,7,False,38
Salle_13,Linux,Logiciel_15,Propriétaire,Libre_15,24,9.8,4.2,152.27,4,False,17
Salle_13,Linux,Logiciel_16,Libre,Logiciel_16,24,17.4,4.8,0.0,5,False,57
Salle_13,Linux,Logiciel_17,Propriétaire,Libre_17,24,14.6,2.2,203.56,6,True,57
Salle_13,Linux,Logiciel_18,Propriétaire,Libre_18,24,15.7,5.6,394.2,8,False,53
Salle_13,Linux,Logiciel_19,Libre,Logiciel_19,24,5.4,3.2,0.0,9,False,64
Salle_13,Linux,Logiciel_20,Propriétaire,Libre_20,24,23.5,2.4,470.5,8,True,23
Salle_14,MacOS,Logiciel_1,Propriétaire,Libre_1,13,18.4,7.6,289.52,4,False,27
Salle_14,MacOS,Logiciel_2,Propriétaire,Libre_2,13,24.5,6.9,285.12,9,False,19
Salle_14,MacOS,Logiciel_3,Libre,Logiciel_3,13,8.7,3.8,0.0,3,False,91
Salle_14,MacOS,Logiciel_4,Libre,Logiciel_4,13,13.5,2.5,0.0,8,False,94
Salle_14,MacOS,Logiciel_5,Libre,Logiciel_5,13,24.0,5.6,0.0,8,False,77
Salle_14,MacOS,Logiciel_6,Propriétaire,Libre_6,13,9.2,5.7,234.96,7,False,33
Salle_14,MacOS,Logiciel_7,Propriétaire,Libre_7,13,9.7,6.7,173.66,5,False,48
Salle_14,MacOS,Logiciel_8,Libre,Logiciel_8,13,6.9,5.7,0.0,3,False,54
Salle_14,MacOS,Logiciel_9,Propriétaire,Libre_9,13,19.7,7.2,147.53,3,True,46
Salle_14,MacOS,Logiciel_10,Libre,Logiciel_10,13,17.1,5.3,0.0,4,True,62
Salle_14,MacOS,Logiciel_11,Propriétaire,Libre_11,13,14.9,7.9,111.4,7,False,51
Salle_14,MacOS,Logiciel_12,Propriétaire,Libre_12,13,19.4,6.2,496.07,6,False,13
Salle_14,MacOS,Logiciel_13,Libre,Logiciel_13,13,16.6,3.6,0.0,8,True,86
Salle_14,MacOS,Logiciel_14,Libre,Logiciel_14,13,8.8,3.9,0.0,5,False,88
Salle_14,MacOS,Logiciel_15,Propriétaire,Libre_15,13,15.4,2.4,410.16,5,False,17
Salle_14,MacOS,Logiciel_16,Libre,Logiciel_16,13,18.0,5.2,0.0,7,False,71
Salle_14,MacOS,Logiciel_17,Libre,Logiciel_17,13,24.9,6.0,0.0,3,False,72
Salle_14,MacOS,Logiciel_18,Propriétaire,Libre_18,13,6.2,5.4,480.93,7,False,56
Salle_14,MacOS,Logiciel_19,Propriétaire,Libre_19,13,15.7,2.6,252.67,6,False,21
Salle_14,MacOS,Logiciel_20,Libre,Logiciel_20,13,14.5,4.3,0.0,9,False,89
Salle_15,Windows 10,Logiciel_1,Libre,Logiciel_1,31,20.4,3.5,0.0,8,False,55
Salle_15,Windows 10,Logiciel_2,Propriétaire,Libre_2,31,20.8,7.2,323.82,6,False,43
Salle_15,Windows 10,Logiciel_3,Propriétaire,Libre_3,31,7.4,3.4,203.75,3,True,36
Salle_15,Windows 10,Logiciel_4,Propriétaire,Libre_4,31,15.2,7.0,175.87,4,False,15
Salle_15,Windows 10,Logiciel_5,Libre,Logiciel_5,31,14.9,8.0,0.0,7,False,61
Salle_15,Windows 10,Logiciel_6,Libre,Logiciel_6,31,7.3,6.9,0.0,5,False,91
Salle_15,Windows 10,Logiciel_7,Libre,Logiciel_7,31,21.1,6.7,0.0,6,False,64
Salle_15,Windows 10,Logiciel_8,Propriétaire,Libre_8,31,8.5,6.2,205.74,6,False,19
Salle_15,Windows 10,Logiciel_9,Libre,Logiciel_9,31,7.7,7.2,0.0,6,False,50
Salle_15,Windows 10,Logiciel_10,Libre,Logiciel_10,31,20.3,3.0,0.0,5,False,55
Salle_15,Windows 10,Logiciel_11,Propriétaire,Libre_11,31,12.4,2.4,61.62,3,True,54
Salle_15,Windows 10,Logiciel_12,Propriétaire,Libre_12,31,24.3,4.6,190.32,8,False,38
Salle_15,Windows 10,Logiciel_13,Propriétaire,Libre_13,31,17.8,3.3,328.81,6,False,40
Salle_15,Windows 10,Logiciel_14,Propriétaire,Libre_14,31,20.6,4.8,76.17,5,False,40
Salle_15,Windows 10,Logiciel_15,Libre,Logiciel_15,31,24.7,3.4,0.0,5,True,77
Salle_15,Windows 10,Logiciel_16,Propriétaire,Libre_16,31,7.0,6.2,78.03,6,False,49
Salle_15,Windows 10,Logiciel_17,Libre,Logiciel_17,31,17.3,3.8,0.0,6,False,87
Salle_15,Windows 10,Logiciel_18,Propriétaire,Libre_18,31,7.6,7.3,252.4,7,False,36
Salle_15,Windows 10,Logiciel_19,Propriétaire,Libre_19,31,21.6,6.4,396.19,8,True,36
Salle_15,Windows 10,Logiciel_20,Propriétaire,Libre_20,31,20.8,5.5,356.44,9,False,22
Salle_16,Windows 11,Logiciel_1,Propriétaire,Libre_1,30,24.5,6.8,481.81,6,False,58
Salle_16,Windows 11,Logiciel_2,Propriétaire,Libre_2,30,14.1,7.1,94.14,4,True,43
Salle_16,Windows 11,Logiciel_3,Propriétaire,Libre_3,30,19.7,4.9,219.15,6,False,51
Salle_16,Windows 11,Logiciel_4,Libre,Logiciel_4,30,22.8,7.7,0.0,3,False,90
Salle_16,Windows 11,Logiciel_5,Libre,Logiciel_5,30,13.8,3.5,0.0,4,False,89
Salle_16,Windows 11,Logiciel_6,Propriétaire,Libre_6,30,17.7,6.0,452.8,3,False,32
Salle_16,Windows 11,Logiciel_7,Propriétaire,Libre_7,30,8.0,6.4,280.5,7,True,17
Salle_16,Windows 11,Logiciel_8,Propriétaire,Libre_8,30,19.3,2.4,82.07,3,False,30
Salle_16,Windows 11,Logiciel_9,Propriétaire,Libre_9,30,14.2,7.9,486.84,5,False,37
Salle_16,Windows 11,Logiciel_10,Propriétaire,Libre_10,30,13.2,5.3,423.74,4,True,41
Salle_16,Windows 11,Logiciel_11,Propriétaire,Libre_11,30,23.0,6.7,152.53,3,False,59
Salle_16,Windows 11,Logiciel_12,Propriétaire,Libre_12,30,10.1,3.6,81.16,3,False,59
Salle_16,Windows 11,Logiciel_13,Propriétaire,Libre_13,30,7.5,4.8,101.28,7,False,40
Salle_16,Windows 11,Logiciel_14,Propriétaire,Libre_14,30,17.3,2.9,69.68,3,False,18
Salle_16,Windows 11,Logiciel_15,Propriétaire,Libre_15,30,13.6,4.6,325.82,8,True,29
Salle_16,Windows 11,Logiciel_16,Propriétaire,Libre_16,30,8.9,7.3,340.61,5,False,39
Salle_16,Windows 11,Logiciel_17,Libre,Logiciel_17,30,21.9,7.5,0.0,4,False,70
Salle_16,Windows 11,Logiciel_18,Libre,Logiciel_18,30,20.0,5.3,0.0,9,False,60
Salle_16,Windows 11,Logiciel_19,Propriétaire,Libre_19,30,20.1,3.6,292.8,7,True,38
Salle_16,Windows 11,Logiciel_20,Libre,Logiciel_20,30,6.8,7.8,0.0,9,False,73
Salle_17,Windows 10,Logiciel_1,Propriétaire,Libre_1,21,20.2,6.5,325.37,8,False,38
Salle_17,Windows 10,Logiciel_2,Propriétaire,Libre_2,21,16.5,7.3,245.21,4,False,17
Salle_17,Windows 10,Logiciel_3,Propriétaire,Libre_3,21,19.5,8.0,94.63,4,False,34
Salle_17,Windows 10,Logiciel_4,Propriétaire,Libre_4,21,19.7,5.7,134.61,3,False,18
Salle_17,Windows 10,Logiciel_5,Propriétaire,Libre_5,21,5.1,6.6,65.89,3,True,43
Salle_17,Windows 10,Logiciel_6,Libre,Logiciel_6,21,18.6,6.5,0.0,9,False,68
Salle_17,Windows 10,Logiciel_7,Libre,Logiciel_7,21,12.4,4.7,0.0,6,False,84
Salle_17,Windows 10,Logiciel_8,Propriétaire,Libre_8,21,18.3,2.0,130.27,4,False,13
Salle_17,Windows 10,Logiciel_9,Propriétaire,Libre_9,21,12.8,4.4,443.42,7,False,33
Salle_17,Windows 10,Logiciel_10,Propriétaire,Libre_10,21,9.5,6.2,73.76,4,False,28
Salle_17,Windows 10,Logiciel_11,Propriétaire,Libre_11,21,21.5,5.0,84.68,8,False,21
Salle_17,Windows 10,Logiciel_12,Libre,Logiciel_12,21,19.2,6.7,0.0,5,False,85
Salle_17,Windows 10,Logiciel_13,Propriétaire,Libre_13,21,19.7,3.4,217.14,3,False,56
Salle_17,Windows 10,Logiciel_14,Libre,Logiciel_14,21,23.7,5.9,0.0,3,False,69
Salle_17,Windows 10,Logiciel_15,Libre,Logiciel_15,21,7.4,4.5,0.0,8,False,88
Salle_17,Windows 10,Logiciel_16,Propriétaire,Libre_16,21,16.8,3.1,213.01,4,True,52
Salle_17,Windows 10,Logiciel_17,Propriétaire,Libre_17,21,21.6,3.6,283.14,7,False,28
Salle_17,Windows 10,Logiciel_18,Propriétaire,Libre_18,21,13.6,7.2,428.87,7,False,30
Salle_17,Windows 10,Logiciel_19,Propriétaire,Libre_19,21,14.7,2.8,86.27,9,False,44
Salle_17,Windows 10,Logiciel_20,Propriétaire,Libre_20,21,19.6,6.6,121.51,6,True,40
Salle_18,MacOS,Logiciel_1,Propriétaire,Libre_1,29,5.3,3.7,70.07,8,True,44
Salle_18,MacOS,Logiciel_2,Propriétaire,Libre_2,29,20.7,7.8,217.04,9,False,22
Salle_18,MacOS,Logiciel_3,Propriétaire,Libre_3,29,8.1,7.1,70.93,4,False,30
Salle_18,MacOS,Logiciel_4,Propriétaire,Libre_4,29,13.2,4.1,454.93,4,False,20
Salle_18,MacOS,Logiciel_5,Libre,Logiciel_5,29,16.2,7.6,0.0,4,False,63
Salle_18,MacOS,Logiciel_6,Libre,Logiciel_6,29,24.6,3.5,0.0,5,False,86
Salle_18,MacOS,Logiciel_7,Propriétaire,Libre_7,29,14.3,7.8,323.84,3,True,42
Salle_18,MacOS,Logiciel_8,Propriétaire,Libre_8,29,9.5,3.5,432.78,9,False,33
Salle_18,MacOS,Logiciel_9,Propriétaire,Libre_9,29,22.2,6.3,80.45,8,False,43
Salle_18,MacOS,Logiciel_10,Propriétaire,Libre_10,29,14.2,4.9,124.6,4,False,11
Salle_18,MacOS,Logiciel_11,Propriétaire,Libre_11,29,22.2,4.8,387.18,6,True,49
Salle_18,MacOS,Logiciel_12,Propriétaire,Libre_12,29,12.1,7.9,407.3,3,True,16
Salle_18,MacOS,Logiciel_13,Libre,Logiciel_13,29,15.9,6.6,0.0,6,False,89
Salle_18,MacOS,Logiciel_14,Libre,Logiciel_14,29,22.6,7.2,0.0,5,False,89
Salle_18,MacOS,Logiciel_15,Libre,Logiciel_15,29,20.4,2.2,0.0,3,True,52
Salle_18,MacOS,Logiciel_16,Libre,Logiciel_16,29,15.8,5.0,0.0,8,False,72
Salle_18,MacOS,Logiciel_17,Libre,Logiciel_17,29,12.6,6.7,0.0,5,True,61
Salle_18,MacOS,Logiciel_18,Propriétaire,Libre_18,29,10.7,6.8,309.92,7,False,18
Salle_18,MacOS,Logiciel_19,Propriétaire,Libre_19,29,23.3,5.2,121.08,6,False,11
Salle_18,MacOS,Logiciel_20,Propriétaire,Libre_20,29,22.1,7.4,174.61,8,True,10
Salle_19,MacOS,Logiciel_1,Propriétaire,Libre_1,32,19.7,6.9,190.92,8,False,28
Salle_19,MacOS,Logiciel_2,Libre,Logiciel_2,32,21.1,5.0,0.0,3,False,70
Salle_19,MacOS,Logiciel_3,Libre,Logiciel_3,32,11.5,8.0,0.0,4,False,76
Salle_19,MacOS,Logiciel_4,Libre,Logiciel_4,32,6.9,2.2,0.0,6,False,54
Salle_19,MacOS,Logiciel_5,Libre,Logiciel_5,32,11.7,3.8,0.0,8,False,68
Salle_19,MacOS,Logiciel_6,Libre,Logiciel_6,32,24.8,7.4,0.0,6,False,70
Salle_19,MacOS,Logiciel_7,Propriétaire,Libre_7,32,21.4,7.3,286.45,7,True,35
Salle_19,MacOS,Logiciel_8,Propriétaire,Libre_8,32,9.8,2.9,206.57,9,True,20
Salle_19,MacOS,Logiciel_9,Libre,Logiciel_9,32,17.4,4.1,0.0,7,False,79
Salle_19,MacOS,Logiciel_10,Libre,Logiciel_10,32,17.7,2.8,0.0,4,False,89
Salle_19,MacOS,Logiciel_11,Propriétaire,Libre_11,32,18.6,3.0,344.88,3,False,32
Salle_19,MacOS,Logiciel_12,Propriétaire,Libre_12,32,11.8,7.2,146.99,9,True,44
Salle_19,MacOS,Logiciel_13,Libre,Logiciel_13,32,13.2,6.6,0.0,6,False,88
Salle_19,MacOS,Logiciel_14,Libre,Logiciel_14,32,6.2,7.4,0.0,5,False,76
Salle_19,MacOS,Logiciel_15,Propriétaire,Libre_15,32,7.2,4.7,257.16,6,False,44
Salle_19,MacOS,Logiciel_16,Propriétaire,Libre_16,32,21.0,4.9,58.1,8,False,32
Salle_19,MacOS,Logiciel_17,Propriétaire,Libre_17,32,19.2,7.8,421.72,5,False,29
Salle_19,MacOS,Logiciel_18,Libre,Logiciel_18,32,17.4,5.4,0.0,6,False,68
Salle_19,MacOS,Logiciel_19,Libre,Logiciel_19,32,7.3,6.2,0.0,7,True,66
Salle_19,MacOS,Logiciel_20,Propriétaire,Libre_20,32,5.2,4.8,185.57,5,True,50
Salle_20,Windows 11,Logiciel_1,Propriétaire,Libre_1,23,6.3,7.3,444.77,7,False,50
Salle_20,Windows 11,Logiciel_2,Libre,Logiciel_2,23,17.5,5.2,0.0,8,False,79
Salle_20,Windows 11,Logiciel_3,Propriétaire,Libre_3,23,10.4,6.7,308.01,7,True,29
Salle_20,Windows 11,Logiciel_4,Propriétaire,Libre_4,23,14.8,6.4,286.36,3,False,26
Salle_20,Windows 11,Logiciel_5,Propriétaire,Libre_5,23,24.1,2.2,362.5,6,False,55
Salle_20,Windows 11,Logiciel_6,Libre,Logiciel_6,23,17.0,7.4,0.0,7,True,70
Salle_20,Windows 11,Logiciel_7,Libre,Logiciel_7,23,16.8,6.2,0.0,6,False,77
Salle_20,Windows 11,Logiciel_8,Propriétaire,Libre_8,23,12.7,4.9,343.5,4,True,36
Salle_20,Windows 11,Logiciel_9,Libre,Logiciel_9,23,15.1,5.8,0.0,8,False,67
Salle_20,Windows 11,Logiciel_10,Propriétaire,Libre_10,23,14.4,2.3,113.01,6,False,38
Salle_20,Windows 11,Logiciel_11,Propriétaire,Libre_11,23,17.5,4.8,251.36,6,True,22
Salle_20,Windows 11,Logiciel_12,Propriétaire,Libre_12,23,22.1,2.3,424.99,6,True,35
Salle_20,Windows 11,Logiciel_13,Propriétaire,Libre_13,23,13.8,3.3,228.56,8,False,18
Salle_20,Windows 11,Logiciel_14,Libre,Logiciel_14,23,10.7,6.9,0.0,7,False,88
Salle_20,Windows 11,Logiciel_15,Propriétaire,Libre_15,23,5.6,6.1,70.18,5,True,55
Salle_20,Windows 11,Logiciel_16,Propriétaire,Libre_16,23,12.8,6.4,447.02,7,False,21
Salle_20,Windows 11,Logiciel_17,Libre,Logiciel_17,23,10.9,6.3,0.0,6,False,57
Salle_20,Windows 11,Logiciel_18,Libre,Logiciel_18,23,5.0,6.3,0.0,9,True,96
Salle_20,Windows 11,Logiciel_19,Libre,Logiciel_19,23,10.1,6.0,0.0,3,False,67
Salle_20,Windows 11,Logiciel_20,Propriétaire,Libre_20,23,16.9,5.3,455.14,6,True,24
Salle_21,Linux,Logiciel_1,Propriétaire,Libre_1,18,17.9,5.9,449.62,7,True,27
Salle_21,Linux,Logiciel_2,Propriétaire,Libre_2,18,7.3,2.9,127.33,8,True,11
Salle_21,Linux,Logiciel_3,Propriétaire,Libre_3,18,21.6,7.9,419.01,3,False,44
Salle_21,Linux,Logiciel_4,Propriétaire,Libre_4,18,6.7,4.4,459.56,8,False,40
Salle_21,Linux,Logiciel_5,Propriétaire,Libre_5,18,21.3,2.4,224.33,5,False,44
Salle_21,Linux,Logiciel_6,Propriétaire,Libre_6,18,15.9,7.2,315.63,6,False,12
Salle_21,Linux,Logiciel_7,Propriétaire,Libre_7,18,16.6,6.6,94.49,5,False,45
Salle_21,Linux,Logiciel_8,Propriétaire,Libre_8,18,15.5,5.1,124.53,9,True,10
Salle_21,Linux,Logiciel_9,Propriétaire,Libre_9,18,8.1,2.2,340.62,6,True,56
Salle_21,Linux,Logiciel_10,Propriétaire,Libre_10,18,13.2,3.9,354.7,7,False,57
Salle_21,Linux,Logiciel_11,Propriétaire,Libre_11,18,24.8,4.7,359.72,7,False,39
Salle_21,Linux,Logiciel_12,Propriétaire,Libre_12,18,15.1,7.8,222.89,5,True,52
Salle_21,Linux,Logiciel_13,Propriétaire,Libre_13,18,8.2,2.1,390.3,9,False,51
Salle_21,Linux,Logiciel_14,Libre,Logiciel_14,18,7.3,7.7,0.0,7,False,55
Salle_21,Linux,Logiciel_15,Libre,Logiciel_15,18,21.5,7.9,0.0,7,False,66
Salle_21,Linux,Logiciel_16,Propriétaire,Libre_16,18,11.8,5.2,119.37,3,False,54
Salle_21,Linux,Logiciel_17,Libre,Logiciel_17,18,21.7,4.6,0.0,4,False,94
Salle_21,Linux,Logiciel_18,Propriétaire,Libre_18,18,6.2,4.1,171.61,6,False,13
Salle_21,Linux,Logiciel_19,Propriétaire,Libre_19,18,16.6,2.8,249.82,9,False,45
Salle_21,Linux,Logiciel_20,Propriétaire,Libre_20,18,24.9,7.3,330.53,3,False,28
Salle_22,Linux,Logiciel_1,Propriétaire,Libre_1,14,5.8,4.9,294.36,5,True,36
Salle_22,Linux,Logiciel_2,Libre,Logiciel_2,14,19.4,5.2,0.0,6,True,60
Salle_22,Linux,Logiciel_3,Propriétaire,Libre_3,14,6.2,6.1,260.05,4,False,26
Salle_22,Linux,Logiciel_4,Libre,Logiciel_4,14,15.3,2.6,0.0,6,False,85
Salle_22,Linux,Logiciel_5,Propriétaire,Libre_5,14,9.1,6.6,223.94,5,False,59
Salle_22,Linux,Logiciel_6,Libre,Logiciel_6,14,22.9,4.7,0.0,6,False,96
Salle_22,Linux,Logiciel_7,Propriétaire,Libre_7,14,24.1,3.2,99.17,6,True,26
Salle_22,Linux,Logiciel_8,Libre,Logiciel_8,14,22.9,2.4,0.0,8,True,54
Salle_22,Linux,Logiciel_9,Propriétaire,Libre_9,14,17.5,7.6,58.6,8,False,52
Salle_22,Linux,Logiciel_10,Libre,Logiciel_10,14,15.5,5.8,0.0,7,False,51
Salle_22,Linux,Logiciel_11,Propriétaire,Libre_11,14,19.7,5.2,407.03,5,False,17
Salle_22,Linux,Logiciel_12,Libre,Logiciel_12,14,6.8,2.0,0.0,5,False,74
Salle_22,Linux,Logiciel_13,Libre,Logiciel_13,14,6.4,2.0,0.0,7,False,58
Salle_22,Linux,Logiciel_14,Libre,Logiciel_14,14,21.9,5.7,0.0,9,False,95
Salle_22,Linux,Logiciel_15,Propriétaire,Libre_15,14,18.7,2.1,187.76,5,False,22
Salle_22,Linux,Logiciel_16,Libre,Logiciel_16,14,6.4,7.7,0.0,5,False,51
Salle_22,Linux,Logiciel_17,Propriétaire,Libre_17,14,15.0,6.8,368.19,6,True,35
Salle_22,Linux,Logiciel_18,Propriétaire,Libre_18,14,10.9,3.4,176.45,9,False,36
Salle_22,Linux,Logiciel_19,Propriétaire,Libre_19,14,16.7,7.1,297.04,8,False,30
Salle_22,Linux,Logiciel_20,Propriétaire,Libre_20,14,13.3,6.6,134.53,9,False,19
Salle_23,MacOS,Logiciel_1,Libre,Logiciel_1,19,6.4,6.1,0.0,8,False,95
Salle_23,MacOS,Logiciel_2,Libre,Logiciel_2,19,21.1,5.3,0.0,9,True,72
Salle_23,MacOS,Logiciel_3,Libre,Logiciel_3,19,13.0,3.0,0.0,4,True,83
Salle_23,MacOS,Logiciel_4,Libre,Logiciel_4,19,10.4,4.4,0.0,3,True,78
Salle_23,MacOS,Logiciel_5,Propriétaire,Libre_5,19,10.5,6.2,78.21,4,False,15
Salle_23,MacOS,Logiciel_6,Propriétaire,Libre_6,19,19.8,3.9,95.85,3,True,18
Salle_23,MacOS,Logiciel_7,Libre,Logiciel_7,19,11.3,6.7,0.0,9,False,68
Salle_23,MacOS,Logiciel_8,Libre,Logiciel_8,19,12.5,7.8,0.0,7,True,72
Salle_23,MacOS,Logiciel_9,Propriétaire,Libre_9,19,12.8,5.8,366.74,4,True,30
Salle_23,MacOS,Logiciel_10,Libre,Logiciel_10,19,18.3,7.8,0.0,6,True,53
Salle_23,MacOS,Logiciel_11,Libre,Logiciel_11,19,11.0,2.6,0.0,5,False,86
Salle_23,MacOS,Logiciel_12,Propriétaire,Libre_12,19,12.2,7.7,275.18,3,False,57
Salle_23,MacOS,Logiciel_13,Propriétaire,Libre_13,19,12.4,4.2,73.56,3,True,46
Salle_23,MacOS,Logiciel_14,Libre,Logiciel_14,19,22.0,3.3,0.0,3,False,71
Salle_23,MacOS,Logiciel_15,Propriétaire,Libre_15,19,18.6,5.6,182.89,9,True,12
Salle_23,MacOS,Logiciel_16,Propriétaire,Libre_16,19,17.9,4.4,370.94,8,False,30
Salle_23,MacOS,Logiciel_17,Propriétaire,Libre_17,19,12.4,2.3,100.18,4,False,56
Salle_23,MacOS,Logiciel_18,Libre,Logiciel_18,19,5.3,4.3,0.0,4,True,85
Salle_23,MacOS,Logiciel_19,Libre,Logiciel_19,19,5.6,6.4,0.0,8,False,73
Salle_23,MacOS,Logiciel_20,Libre,Logiciel_20,19,22.6,2.2,0.0,4,False,69
Salle_24,MacOS,Logiciel_1,Propriétaire,Libre_1,32,9.4,2.8,435.71,8,True,56
Salle_24,MacOS,Logiciel_2,Libre,Logiciel_2,32,7.4,3.6,0.0,7,False,56
Salle_24,MacOS,Logiciel_3,Propriétaire,Libre_3,32,12.4,2.0,184.91,6,False,45
Salle_24,MacOS,Logiciel_4,Libre,Logiciel_4,32,5.5,7.4,0.0,3,False,57
Salle_24,MacOS,Logiciel_5,Propriétaire,Libre_5,32,8.0,7.4,369.56,7,True,37
Salle_24,MacOS,Logiciel_6,Propriétaire,Libre_6,32,6.2,6.0,311.99,3,True,41
Salle_24,MacOS,Logiciel_7,Libre,Logiciel_7,32,17.9,5.4,0.0,8,False,75
Salle_24,MacOS,Logiciel_8,Propriétaire,Libre_8,32,7.8,5.7,401.59,7,True,22
Salle_24,MacOS,Logiciel_9,Libre,Logiciel_9,32,17.7,4.3,0.0,6,False,50
Salle_24,MacOS,Logiciel_10,Propriétaire,Libre_10,32,23.3,3.7,261.49,9,True,55
Salle_24,MacOS,Logiciel_11,Propriétaire,Libre_11,32,7.9,2.0,333.91,5,True,42
Salle_24,MacOS,Logiciel_12,Libre,Logiciel_12,32,15.6,3.5,0.0,7,False,95
Salle_24,MacOS,Logiciel_13,Propriétaire,Libre_13,32,10.5,6.8,256.85,4,True,40
Salle_24,MacOS,Logiciel_14,Propriétaire,Libre_14,32,8.3,4.7,144.13,5,False,26
Salle_24,MacOS,Logiciel_15,Libre,Logiciel_15,32,20.9,7.1,0.0,6,False,90
Salle_24,MacOS,Logiciel_16,Propriétaire,Libre_16,32,24.0,8.0,370.28,4,False,21
Salle_24,MacOS,Logiciel_17,Propriétaire,Libre_17,32,13.7,5.6,82.89,8,True,15
Salle_24,MacOS,Logiciel_18,Propriétaire,Libre_18,32,20.9,7.4,474.67,5,False,25
Salle_24,MacOS,Logiciel_19,Libre,Logiciel_19,32,20.1,3.0,0.0,8,False,96
Salle_24,MacOS,Logiciel_20,Propriétaire,Libre_20,32,14.2,6.7,482.08,4,False,31
Salle_25,Windows 10,Logiciel_1,Libre,Logiciel_1,21,20.7,4.3,0.0,6,True,92
Salle_25,Windows 10,Logiciel_2,Propriétaire,Libre_2,21,21.2,3.1,281.61,5,True,36
Salle_25,Windows 10,Logiciel_3,Propriétaire,Libre_3,21,14.6,6.0,103.33,3,True,36
Salle_25,Windows 10,Logiciel_4,Libre,Logiciel_4,21,14.9,5.1,0.0,9,False,69
Salle_25,Windows 10,Logiciel_5,Propriétaire,Libre_5,21,5.7,2.3,249.96,4,False,27
Salle_25,Windows 10,Logiciel_6,Libre,Logiciel_6,21,12.7,5.4,0.0,4,False,99
Salle_25,Windows 10,Logiciel_7,Libre,Logiciel_7,21,22.5,7.8,0.0,9,False,60
Salle_25,Windows 10,Logiciel_8,Libre,Logiciel_8,21,9.6,7.7,0.0,8,False,94
Salle_25,Windows 10,Logiciel_9,Propriétaire,Libre_9,21,13.6,6.3,303.5,7,False,35
Salle_25,Windows 10,Logiciel_10,Libre,Logiciel_10,21,7.9,4.6,0.0,9,False,89
Salle_25,Windows 10,Logiciel_11,Propriétaire,Libre_11,21,20.3,6.9,450.0,4,True,38
Salle_25,Windows 10,Logiciel_12,Propriétaire,Libre_12,21,10.9,5.6,64.76,8,True,13
Salle_25,Windows 10,Logiciel_13,Propriétaire,Libre_13,21,22.6,4.8,92.77,5,False,45
Salle_25,Windows 10,Logiciel_14,Libre,Logiciel_14,21,20.4,5.9,0.0,5,False,98
Salle_25,Windows 10,Logiciel_15,Propriétaire,Libre_15,21,10.6,4.6,66.91,8,False,50
Salle_25,Windows 10,Logiciel_16,Propriétaire,Libre_16,21,13.3,5.1,74.59,4,True,48
Salle_25,Windows 10,Logiciel_17,Propriétaire,Libre_17,21,11.1,3.4,50.66,9,True,21
Salle_25,Windows 10,Logiciel_18,Propriétaire,Libre_18,21,18.3,6.5,431.79,9,False,39
Salle_25,Windows 10,Logiciel_19,Propriétaire,Libre_19,21,19.3,6.9,131.73,8,False,56
Salle_25,Windows 10,Logiciel_20,Libre,Logiciel_20,21,24.7,6.5,0.0,7,False,57
Salle_26,MacOS,Logiciel_1,Propriétaire,Libre_1,26,15.9,6.3,125.29,9,False,26
Salle_26,MacOS,Logiciel_2,Libre,Logiciel_2,26,5.8,3.6,0.0,6,False,96
Salle_26,MacOS,Logiciel_3,Libre,Logiciel_3,26,20.2,2.6,0.0,3,False,85
Salle_26,MacOS,Logiciel_4,Libre,Logiciel_4,26,14.0,3.0,0.0,9,False,55
Salle_26,MacOS,Logiciel_5,Libre,Logiciel_5,26,18.9,6.4,0.0,8,False,83
Salle_26,MacOS,Logiciel_6,Libre,Logiciel_6,26,8.9,4.1,0.0,8,False,52
Salle_26,MacOS,Logiciel_7,Propriétaire,Libre_7,26,20.3,6.0,245.9,3,False,35
Salle_26,MacOS,Logiciel_8,Propriétaire,Libre_8,26,20.7,6.4,222.96,5,False,44
Salle_26,MacOS,Logiciel_9,Propriétaire,Libre_9,26,19.1,7.8,246.95,6,False,38
Salle_26,MacOS,Logiciel_10,Libre,Logiciel_10,26,15.9,7.8,0.0,5,False,54
Salle_26,MacOS,Logiciel_11,Libre,Logiciel_11,26,22.3,3.1,0.0,8,False,61
Salle_26,MacOS,Logiciel_12,Propriétaire,Libre_12,26,22.6,6.9,354.72,6,True,31
Salle_26,MacOS,Logiciel_13,Libre,Logiciel_13,26,20.9,3.5,0.0,9,False,65
Salle_26,MacOS,Logiciel_14,Libre,Logiciel_14,26,17.6,3.5,0.0,6,True,61
Salle_26,MacOS,Logiciel_15,Propriétaire,Libre_15,26,11.1,4.1,329.58,3,False,37
Salle_26,MacOS,Logiciel_16,Propriétaire,Libre_16,26,6.4,6.7,178.59,3,False,14
Salle_26,MacOS,Logiciel_17,Propriétaire,Libre_17,26,9.1,4.3,491.92,6,False,24
Salle_26,MacOS,Logiciel_18,Propriétaire,Libre_18,26,20.6,6.7,320.5,6,True,27
Salle_26,MacOS,Logiciel_19,Libre,Logiciel_19,26,23.3,2.1,0.0,8,False,66
Salle_26,MacOS,Logiciel_20,Propriétaire,Libre_20,26,16.0,7.9,299.97,4,False,50
Salle_27,Linux,Logiciel_1,Propriétaire,Libre_1,26,6.5,5.6,282.56,5,True,33
Salle_27,Linux,Logiciel_2,Libre,Logiciel_2,26,24.4,5.6,0.0,9,True,96
Salle_27,Linux,Logiciel_3,Libre,Logiciel_3,26,10.9,2.6,0.0,6,False,84
Salle_27,Linux,Logiciel_4,Libre,Logiciel_4,26,10.3,2.1,0.0,5,False,76
Salle_27,Linux,Logiciel_5,Libre,Logiciel_5,26,19.1,5.7,0.0,3,False,51
Salle_27,Linux,Logiciel_6,Libre,Logiciel_6,26,23.9,2.6,0.0,4,False,71
Salle_27,Linux,Logiciel_7,Libre,Logiciel_7,26,5.1,6.6,0.0,6,False,74
Salle_27,Linux,Logiciel_8,Propriétaire,Libre_8,26,17.5,4.3,471.32,3,False,10
Salle_27,Linux,Logiciel_9,Propriétaire,Libre_9,26,19.5,5.7,382.73,8,False,26
Salle_27,Linux,Logiciel_10,Propriétaire,Libre_10,26,19.9,4.0,450.53,7,False,37
Salle_27,Linux,Logiciel_11,Libre,Logiciel_11,26,21.3,5.1,0.0,5,True,77
Salle_27,Linux,Logiciel_12,Libre,Logiciel_12,26,17.8,3.5,0.0,6,True,88
Salle_27,Linux,Logiciel_13,Propriétaire,Libre_13,26,22.5,6.4,56.19,9,False,55
Salle_27,Linux,Logiciel_14,Propriétaire,Libre_14,26,10.0,2.4,256.52,5,True,42
Salle_27,Linux,Logiciel_15,Libre,Logiciel_15,26,6.6,7.7,0.0,4,False,68
Salle_27,Linux,Logiciel_16,Propriétaire,Libre_16,26,10.7,6.7,228.85,8,False,36
Salle_27,Linux,Logiciel_17,Propriétaire,Libre_17,26,6.4,4.2,464.34,8,False,48
Salle_27,Linux,Logiciel_18,Propriétaire,Libre_18,26,12.4,7.4,349.91,5,False,52
Salle_27,Linux,Logiciel_19,Libre,Logiciel_19,26,21.7,5.0,0.0,4,False,86
Salle_27,Linux,Logiciel_20,Libre,Logiciel_20,26,13.4,5.0,0.0,5,False,62
Salle_28,Windows 11,Logiciel_1,Propriétaire,Libre_1,13,6.1,4.9,467.2,9,True,12
Salle_28,Windows 11,Logiciel_2,Propriétaire,Libre_2,13,18.1,3.6,121.77,7,True,19
Salle_28,Windows 11,Logiciel_3,Libre,Logiciel_3,13,19.9,6.3,0.0,9,False,84
Salle_28,Windows 11,Logiciel_4,Libre,Logiciel_4,13,5.2,7.5,0.0,5,False,72
Salle_28,Windows 11,Logiciel_5,Propriétaire,Libre_5,13,19.9,2.5,442.69,7,False,41
Salle_28,Windows 11,Logiciel_6,Libre,Logiciel_6,13,20.7,5.8,0.0,3,False,88
Salle_28,Windows 11,Logiciel_7,Propriétaire,Libre_7,13,11.4,7.4,84.94,7,False,31
Salle_28,Windows 11,Logiciel_8,Propriétaire,Libre_8,13,20.9,7.3,205.15,5,False,31
Salle_28,Windows 11,Logiciel_9,Propriétaire,Libre_9,13,14.2,4.5,374.87,6,True,32
Salle_28,Windows 11,Logiciel_10,Propriétaire,Libre_10,13,19.8,7.2,289.35,6,False,31
Salle_28,Windows 11,Logiciel_11,Propriétaire,Libre_11,13,11.9,4.5,379.59,5,True,19
Salle_28,Windows 11,Logiciel_12,Libre,Logiciel_12,13,16.6,2.7,0.0,4,False,63
Salle_28,Windows 11,Logiciel_13,Propriétaire,Libre_13,13,9.9,3.6,201.05,8,False,17
Salle_28,Windows 11,Logiciel_14,Libre,Logiciel_14,13,13.3,6.5,0.0,3,False,59
Salle_28,Windows 11,Logiciel_15,Propriétaire,Libre_15,13,20.1,3.2,197.4,7,False,43
Salle_28,Windows 11,Logiciel_16,Propriétaire,Libre_16,13,23.9,6.2,273.07,7,False,33
Salle_28,Windows 11,Logiciel_17,Libre,Logiciel_17,13,9.1,4.4,0.0,3,False,98
Salle_28,Windows 11,Logiciel_18,Libre,Logiciel_18,13,20.5,5.7,0.0,5,True,52
Salle_28,Windows 11,Logiciel_19,Propriétaire,Libre_19,13,17.6,6.1,163.97,3,False,18
Salle_28,Windows 11,Logiciel_20,Propriétaire,Libre_20,13,21.7,6.9,429.5,5,True,50
Salle_29,Windows 11,Logiciel_1,Propriétaire,Libre_1,16,21.4,4.4,267.95,5,True,39
Salle_29,Windows 11,Logiciel_2,Libre,Logiciel_2,16,5.3,3.7,0.0,4,True,71
Salle_29,Windows 11,Logiciel_3,Propriétaire,Libre_3,16,8.6,6.5,431.57,6,False,54
Salle_29,Windows 11,Logiciel_4,Propriétaire,Libre_4,16,15.3,7.9,154.2,7,False,38
Salle_29,Windows 11,Logiciel_5,Propriétaire,Libre_5,16,6.4,6.4,323.78,9,False,20
Salle_29,Windows 11,Logiciel_6,Libre,Logiciel_6,16,19.2,2.1,0.0,5,False,98
Salle_29,Windows 11,Logiciel_7,Propriétaire,Libre_7,16,17.6,2.6,96.66,3,False,18
Salle_29,Windows 11,Logiciel_8,Propriétaire,Libre_8,16,20.6,6.5,411.35,4,False,44
Salle_29,Windows 11,Logiciel_9,Libre,Logiciel_9,16,17.4,6.5,0.0,9,False,77
Salle_29,Windows 11,Logiciel_10,Propriétaire,Libre_10,16,8.2,3.5,322.44,7,False,45
Salle_29,Windows 11,Logiciel_11,Libre,Logiciel_11,16,15.8,6.5,0.0,6,False,62
Salle_29,Windows 11,Logiciel_12,Libre,Logiciel_12,16,12.7,5.5,0.0,3,True,51
Salle_29,Windows 11,Logiciel_13,Propriétaire,Libre_13,16,23.2,5.0,134.56,3,False,59
Salle_29,Windows 11,Logiciel_14,Propriétaire,Libre_14,16,21.4,6.0,408.31,8,False,56
Salle_29,Windows 11,Logiciel_15,Libre,Logiciel_15,16,20.0,3.4,0.0,8,True,77
Salle_29,Windows 11,Logiciel_16,Propriétaire,Libre_16,16,10.6,5.9,420.7,4,False,24
Salle_29,Windows 11,Logiciel_17,Libre,Logiciel_17,16,14.2,7.9,0.0,6,False,69
Salle_29,Windows 11,Logiciel_18,Propriétaire,Libre_18,16,13.6,2.2,166.81,8,False,41
Salle_29,Windows 11,Logiciel_19,Propriétaire,Libre_19,16,16.1,2.2,350.08,8,False,55
Salle_29,Windows 11,Logiciel_20,Libre,Logiciel_20,16,11.5,7.4,0.0,7,False,51
Salle_30,Linux,Logiciel_1,Libre,Logiciel_1,17,19.1,7.8,0.0,5,False,92
Salle_30,Linux,Logiciel_2,Libre,Logiciel_2,17,21.0,6.0,0.0,5,False,84
Salle_30,Linux,Logiciel_3,Propriétaire,Libre_3,17,11.1,3.9,482.52,5,False,20
Salle_30,Linux,Logiciel_4,Propriétaire,Libre_4,17,6.6,3.9,57.08,9,False,59
Salle_30,Linux,Logiciel_5,Libre,Logiciel_5,17,11.2,2.8,0.0,5,True,52
Salle_30,Linux,Logiciel_6,Libre,Logiciel_6,17,22.3,5.5,0.0,3,True,78
Salle_30,Linux,Logiciel_7,Libre,Logiciel_7,17,13.8,6.2,0.0,5,False,97
Salle_30,Linux,Logiciel_8,Propriétaire,Libre_8,17,23.6,7.6,203.86,7,False,14
Salle_30,Linux,Logiciel_9,Libre,Logiciel_9,17,24.6,5.9,0.0,3,False,87
Salle_30,Linux,Logiciel_10,Propriétaire,Libre_10,17,6.1,4.7,353.65,9,False,32
Salle_30,Linux,Logiciel_11,Libre,Logiciel_11,17,17.6,2.3,0.0,5,False,90
Salle_30,Linux,Logiciel_12,Propriétaire,Libre_12,17,16.1,6.5,414.62,3,True,21
Salle_30,Linux,Logiciel_13,Propriétaire,Libre_13,17,16.6,4.7,476.93,4,True,57
Salle_30,Linux,Logiciel_14,Propriétaire,Libre_14,17,8.4,4.7,254.69,6,False,12
Salle_30,Linux,Logiciel_15,Libre,Logiciel_15,17,24.1,7.3,0.0,4,False,87
Salle_30,Linux,Logiciel_16,Libre,Logiciel_16,17,6.6,6.4,0.0,6,False,71
Salle_30,Linux,Logiciel_17,Libre,Logiciel_17,17,6.3,3.4,0.0,3,False,65
Salle_30,Linux,Logiciel_18,Libre,Logiciel_18,17,16.9,5.0,0.0,5,False,97
Salle_30,Linux,Logiciel_19,Propriétaire,Libre_19,17,21.0,7.3,106.35,5,True,51
Salle_30,Linux,Logiciel_20,Libre,Logiciel_20,17,17.1,5.7,0.0,9,False,79
Salle_31,MacOS,Logiciel_1,Propriétaire,Libre_1,23,13.7,4.4,351.19,4,False,28
Salle_31,MacOS,Logiciel_2,Propriétaire,Libre_2,23,20.8,4.5,125.65,5,False,47
Salle_31,MacOS,Logiciel_3,Libre,Logiciel_3,23,6.5,4.6,0.0,6,False,89
Salle_31,MacOS,Logiciel_4,Propriétaire,Libre_4,23,5.2,2.9,143.27,7,True,19
Salle_31,MacOS,Logiciel_5,Propriétaire,Libre_5,23,12.1,6.0,78.15,7,True,13
Salle_31,MacOS,Logiciel_6,Propriétaire,Libre_6,23,11.9,7.2,119.72,9,True,40
Salle_31,MacOS,Logiciel_7,Propriétaire,Libre_7,23,16.3,6.8,111.72,8,False,55
Salle_31,MacOS,Logiciel_8,Propriétaire,Libre_8,23,5.1,3.0,443.93,3,False,40
Salle_31,MacOS,Logiciel_9,Propriétaire,Libre_9,23,19.3,3.7,213.71,8,False,57
Salle_31,MacOS,Logiciel_10,Propriétaire,Libre_10,23,24.8,6.0,139.66,9,False,48
Salle_31,MacOS,Logiciel_11,Propriétaire,Libre_11,23,20.3,7.6,57.12,7,False,25
Salle_31,MacOS,Logiciel_12,Libre,Logiciel_12,23,16.2,6.1,0.0,6,False,84
Salle_31,MacOS,Logiciel_13,Libre,Logiciel_13,23,7.5,6.2,0.0,5,False,89
Salle_31,MacOS,Logiciel_14,Propriétaire,Libre_14,23,24.0,3.1,305.48,3,False,23
Salle_31,MacOS,Logiciel_15,Libre,Logiciel_15,23,9.6,5.3,0.0,3,False,87
Salle_31,MacOS,Logiciel_16,Propriétaire,Libre_16,23,22.1,3.0,434.42,5,True,43
Salle_31,MacOS,Logiciel_17,Libre,Logiciel_17,23,17.1,5.5,0.0,9,False,55
Salle_31,MacOS,Logiciel_18,Propriétaire,Libre_18,23,21.0,4.2,89.16,3,False,38
Salle_31,MacOS,Logiciel_19,Libre,Logiciel_19,23,8.5,6.0,0.0,3,True,70
Salle_31,MacOS,Logiciel_20,Libre,Logiciel_20,23,10.0,3.6,0.0,7,False,91
Salle_32,Windows 10,Logiciel_1,Libre,Logiciel_1,27,20.0,2.9,0.0,3,False,62
Salle_32,Windows 10,Logiciel_2,Propriétaire,Libre_2,27,14.7,7.5,68.03,8,False,35
Salle_32,Windows 10,Logiciel_3,Libre,Logiciel_3,27,16.8,2.0,0.0,6,False,65
Salle_32,Windows 10,Logiciel_4,Libre,Logiciel_4,27,20.2,5.1,0.0,8,False,81
Salle_32,Windows 10,Logiciel_5,Propriétaire,Libre_5,27,19.2,4.9,353.48,8,True,26
Salle_32,Windows 10,Logiciel_6,Propriétaire,Libre_6,27,17.3,7.5,279.43,9,True,39
Salle_32,Windows 10,Logiciel_7,Propriétaire,Libre_7,27,13.8,7.0,122.31,5,False,25
Salle_32,Windows 10,Logiciel_8,Propriétaire,Libre_8,27,6.0,6.3,100.22,3,True,36
Salle_32,Windows 10,Logiciel_9,Propriétaire,Libre_9,27,12.6,6.8,226.44,5,False,40
Salle_32,Windows 10,Logiciel_10,Libre,Logiciel_10,27,9.7,6.1,0.0,7,False,55
Salle_32,Windows 10,Logiciel_11,Propriétaire,Libre_11,27,11.4,6.5,244.0,3,True,20
Salle_32,Windows 10,Logiciel_12,Propriétaire,Libre_12,27,11.6,3.8,68.67,9,True,26
Salle_32,Windows 10,Logiciel_13,Libre,Logiciel_13,27,8.8,3.8,0.0,8,False,53
Salle_32,Windows 10,Logiciel_14,Propriétaire,Libre_14,27,23.3,4.0,255.03,4,False,50
Salle_32,Windows 10,Logiciel_15,Propriétaire,Libre_15,27,13.7,6.8,175.16,8,True,37
Salle_32,Windows 10,Logiciel_16,Propriétaire,Libre_16,27,11.9,7.0,470.97,4,False,53
Salle_32,Windows 10,Logiciel_17,Propriétaire,Libre_17,27,9.8,6.3,172.83,9,False,34
Salle_32,Windows 10,Logiciel_18,Libre,Logiciel_18,27,8.8,2.0,0.0,8,False,75
Salle_32,Windows 10,Logiciel_19,Libre,Logiciel_19,27,10.5,3.1,0.0,7,True,76
Salle_32,Windows 10,Logiciel_20,Propriétaire,Libre_20,27,5.1,3.3,348.59,4,False,32
Salle_33,MacOS,Logiciel_1,Libre,Logiciel_1,27,10.9,3.8,0.0,3,False,51
Salle_33,MacOS,Logiciel_2,Propriétaire,Libre_2,27,11.8,4.6,423.93,8,True,42
Salle_33,MacOS,Logiciel_3,Propriétaire,Libre_3,27,18.6,7.7,111.69,9,False,30
Salle_33,MacOS,Logiciel_4,Propriétaire,Libre_4,27,12.8,4.1,70.36,6,False,13
Salle_33,MacOS,Logiciel_5,Propriétaire,Libre_5,27,7.1,7.2,285.41,5,False,19
Salle_33,MacOS,Logiciel_6,Propriétaire,Libre_6,27,5.2,7.0,410.44,7,True,46
Salle_33,MacOS,Logiciel_7,Propriétaire,Libre_7,27,24.6,3.3,80.26,4,False,39
Salle_33,MacOS,Logiciel_8,Libre,Logiciel_8,27,9.5,7.2,0.0,7,False,77
Salle_33,MacOS,Logiciel_9,Libre,Logiciel_9,27,10.2,7.8,0.0,7,True,83
Salle_33,MacOS,Logiciel_10,Propriétaire,Libre_10,27,6.1,6.2,256.07,7,False,10
Salle_33,MacOS,Logiciel_11,Propriétaire,Libre_11,27,18.8,7.4,385.33,8,False,54
Salle_33,MacOS,Logiciel_12,Libre,Logiciel_12,27,8.2,2.3,0.0,8,True,66
Salle_33,MacOS,Logiciel_13,Libre,Logiciel_13,27,12.2,7.5,0.0,5,True,96
Salle_33,MacOS,Logiciel_14,Propriétaire,Libre_14,27,16.5,6.6,401.68,9,False,44
Salle_33,MacOS,Logiciel_15,Propriétaire,Libre_15,27,18.6,2.5,239.34,4,True,14
Salle_33,MacOS,Logiciel_16,Propriétaire,Libre_16,27,10.0,5.9,328.66,6,False,23
Salle_33,MacOS,Logiciel_17,Libre,Logiciel_17,27,9.5,3.4,0.0,9,False,92
Salle_33,MacOS,Logiciel_18,Propriétaire,Libre_18,27,18.9,5.9,154.17,5,False,57
Salle_33,MacOS,Logiciel_19,Propriétaire,Libre_19,27,11.4,4.6,454.67,4,True,41
Salle_33,MacOS,Logiciel_20,Libre,Logiciel_20,27,15.6,5.2,0.0,7,True,96
Salle_34,MacOS,Logiciel_1,Propriétaire,Libre_1,13,21.5,2.3,238.63,6,False,11
Salle_34,MacOS,Logiciel_2,Propriétaire,Libre_2,13,9.6,5.0,379.17,3,False,11
Salle_34,MacOS,Logiciel_3,Libre,Logiciel_3,13,23.7,7.5,0.0,4,False,65
Salle_34,MacOS,Logiciel_4,Propriétaire,Libre_4,13,20.0,5.2,354.85,7,False,43
Salle_34,MacOS,Logiciel_5,Libre,Logiciel_5,13,7.9,7.0,0.0,8,False,95
Salle_34,MacOS,Logiciel_6,Propriétaire,Libre_6,13,20.4,5.0,245.2,9,False,41
Salle_34,MacOS,Logiciel_7,Propriétaire,Libre_7,13,23.0,3.3,447.96,9,True,20
Salle_34,MacOS,Logiciel_8,Libre,Logiciel_8,13,18.9,3.9,0.0,3,False,54
Salle_34,MacOS,Logiciel_9,Libre,Logiciel_9,13,21.4,4.6,0.0,3,False,97
Salle_34,MacOS,Logiciel_10,Libre,Logiciel_10,13,14.1,6.7,0.0,3,False,72
Salle_34,MacOS,Logiciel_11,Propriétaire,Libre_11,13,13.6,3.8,139.14,4,False,56
Salle_34,MacOS,Logiciel_12,Propriétaire,Libre_12,13,14.9,7.5,399.33,4,True,57
Salle_34,MacOS,Logiciel_13,Propriétaire,Libre_13,13,20.9,6.3,360.68,8,True,50
Salle_34,MacOS,Logiciel_14,Propriétaire,Libre_14,13,8.2,4.0,84.56,5,True,30
Salle_34,MacOS,Logiciel_15,Libre,Logiciel_15,13,11.1,3.6,0.0,8,False,61
Salle_34,MacOS,Logiciel_16,Propriétaire,Libre_16,13,23.5,3.3,239.0,5,False,35
Salle_34,MacOS,Logiciel_17,Libre,Logiciel_17,13,20.6,3.9,0.0,9,True,61
Salle_34,MacOS,Logiciel_18,Propriétaire,Libre_18,13,16.3,2.0,77.85,5,False,17
Salle_34,MacOS,Logiciel_19,Libre,Logiciel_19,13,12.5,5.3,0.0,6,False,92
Salle_34,MacOS,Logiciel_20,Libre,Logiciel_20,13,9.5,3.4,0.0,7,True,75
Salle_35,MacOS,Logiciel_1,Propriétaire,Libre_1,25,11.7,7.2,87.59,8,False,54
Salle_35,MacOS,Logiciel_2,Libre,Logiciel_2,25,20.2,6.4,0.0,9,False,95
Salle_35,MacOS,Logiciel_3,Propriétaire,Libre_3,25,9.3,3.3,183.38,9,True,29
Salle_35,MacOS,Logiciel_4,Libre,Logiciel_4,25,11.9,4.4,0.0,4,True,85
Salle_35,MacOS,Logiciel_5,Propriétaire,Libre_5,25,11.8,6.8,160.93,8,True,31
Salle_35,MacOS,Logiciel_6,Propriétaire,Libre_6,25,11.2,2.7,100.01,8,True,56
Salle_35,MacOS,Logiciel_7,Libre,Logiciel_7,25,7.8,5.3,0.0,4,False,69
Salle_35,MacOS,Logiciel_8,Libre,Logiciel_8,25,15.7,2.5,0.0,6,True,83
Salle_35,MacOS,Logiciel_9,Propriétaire,Libre_9,25,13.9,5.0,102.78,4,False,44
Salle_35,MacOS,Logiciel_10,Propriétaire,Libre_10,25,22.3,3.7,260.46,4,False,19
Salle_35,MacOS,Logiciel_11,Propriétaire,Libre_11,25,11.6,5.4,432.76,8,True,40
Salle_35,MacOS,Logiciel_12,Libre,Logiciel_12,25,21.5,5.3,0.0,6,False,96
Salle_35,MacOS,Logiciel_13,Libre,Logiciel_13,25,5.8,7.3,0.0,6,True,96
Salle_35,MacOS,Logiciel_14,Propriétaire,Libre_14,25,20.3,3.5,439.5,6,True,20
Salle_35,MacOS,Logiciel_15,Libre,Logiciel_15,25,18.5,7.1,0.0,6,True,76
Salle_35,MacOS,Logiciel_16,Propriétaire,Libre_16,25,17.1,6.1,308.91,8,False,37
Salle_35,MacOS,Logiciel_17,Libre,Logiciel_17,25,9.5,6.2,0.0,3,False,90
Salle_35,MacOS,Logiciel_18,Libre,Logiciel_18,25,10.0,5.9,0.0,7,False,69
Salle_35,MacOS,Logiciel_19,Libre,Logiciel_19,25,7.3,8.0,0.0,4,False,61
Salle_35,MacOS,Logiciel_20,Propriétaire,Libre_20,25,14.3,2.1,86.72,4,False,48
Salle_36,Windows 10,Logiciel_1,Libre,Logiciel_1,11,19.5,5.0,0.0,4,False,63
Salle_36,Windows 10,Logiciel_2,Propriétaire,Libre_2,11,21.1,5.6,124.66,9,False,19
Salle_36,Windows 10,Logiciel_3,Propriétaire,Libre_3,11,21.8,2.8,410.09,4,False,15
Salle_36,Windows 10,Logiciel_4,Libre,Logiciel_4,11,10.9,5.2,0.0,7,False,74
Salle_36,Windows 10,Logiciel_5,Propriétaire,Libre_5,11,21.8,5.7,311.54,9,True,25
Salle_36,Windows 10,Logiciel_6,Propriétaire,Libre_6,11,18.2,5.8,317.06,9,True,21
Salle_36,Windows 10,Logiciel_7,Propriétaire,Libre_7,11,18.3,5.3,204.23,9,True,50
Salle_36,Windows 10,Logiciel_8,Propriétaire,Libre_8,11,15.0,3.9,452.42,9,False,23
Salle_36,Windows 10,Logiciel_9,Propriétaire,Libre_9,11,5.0,6.3,210.47,5,True,32
Salle_36,Windows 10,Logiciel_10,Libre,Logiciel_10,11,22.9,6.9,0.0,7,False,55
Salle_36,Windows 10,Logiciel_11,Libre,Logiciel_11,11,12.7,6.0,0.0,7,False,74
Salle_36,Windows 10,Logiciel_12,Propriétaire,Libre_12,11,14.6,2.8,86.47,9,False,33
Salle_36,Windows 10,Logiciel_13,Propriétaire,Libre_13,11,6.8,2.4,451.09,5,False,56
Salle_36,Windows 10,Logiciel_14,Propriétaire,Libre_14,11,14.8,7.2,316.54,5,False,44
Salle_36,Windows 10,Logiciel_15,Libre,Logiciel_15,11,7.4,5.4,0.0,6,False,53
Salle_36,Windows 10,Logiciel_16,Propriétaire,Libre_16,11,24.9,2.6,401.16,7,True,31
Salle_36,Windows 10,Logiciel_17,Propriétaire,Libre_17,11,14.8,6.8,154.64,6,False,35
Salle_36,Windows 10,Logiciel_18,Propriétaire,Libre_18,11,14.6,5.5,293.62,6,False,57
Salle_36,Windows 10,Logiciel_19,Propriétaire,Libre_19,11,16.7,5.3,155.18,4,True,20
Salle_36,Windows 10,Logiciel_20,Propriétaire,Libre_20,11,15.0,6.1,163.54,8,False,37
Salle_37,Linux,Logiciel_1,Libre,Logiciel_1,10,16.7,6.4,0.0,9,False,53
Salle_37,Linux,Logiciel_2,Propriétaire,Libre_2,10,19.0,5.3,211.38,7,False,33
Salle_37,Linux,Logiciel_3,Libre,Logiciel_3,10,24.5,7.0,0.0,8,False,53
Salle_37,Linux,Logiciel_4,Propriétaire,Libre_4,10,20.1,4.7,235.53,8,False,54
Salle_37,Linux,Logiciel_5,Propriétaire,Libre_5,10,16.7,7.8,220.03,8,False,42
Salle_37,Linux,Logiciel_6,Propriétaire,Libre_6,10,8.2,5.9,498.99,8,False,38
Salle_37,Linux,Logiciel_7,Libre,Logiciel_7,10,14.0,7.9,0.0,8,False,96
Salle_37,Linux,Logiciel_8,Libre,Logiciel_8,10,14.1,4.4,0.0,9,False,56
Salle_37,Linux,Logiciel_9,Libre,Logiciel_9,10,24.1,2.9,0.0,4,True,97
Salle_37,Linux,Logiciel_10,Propriétaire,Libre_10,10,13.0,4.0,107.07,7,False,13
Salle_37,Linux,Logiciel_11,Libre,Logiciel_11,10,9.2,2.4,0.0,3,True,99
Salle_37,Linux,Logiciel_12,Libre,Logiciel_12,10,16.5,4.1,0.0,5,True,92
Salle_37,Linux,Logiciel_13,Propriétaire,Libre_13,10,23.2,4.4,183.35,5,True,40
Salle_37,Linux,Logiciel_14,Propriétaire,Libre_14,10,6.6,7.6,389.81,9,False,39
Salle_37,Linux,Logiciel_15,Propriétaire,Libre_15,10,14.5,5.8,422.89,4,False,16
Salle_37,Linux,Logiciel_16,Libre,Logiciel_16,10,11.5,7.9,0.0,4,True,55
Salle_37,Linux,Logiciel_17,Libre,Logiciel_17,10,21.0,4.8,0.0,4,False,86
Salle_37,Linux,Logiciel_18,Propriétaire,Libre_18,10,22.9,2.9,403.67,8,True,18
Salle_37,Linux,Logiciel_19,Libre,Logiciel_19,10,5.3,3.4,0.0,5,True,64
Salle_37,Linux,Logiciel_20,Libre,Logiciel_20,10,5.5,2.7,0.0,4,False,92
Salle_38,MacOS,Logiciel_1,Libre,Logiciel_1,27,23.1,7.0,0.0,9,False,53
Salle_38,MacOS,Logiciel_2,Propriétaire,Libre_2,27,10.3,5.0,80.65,4,False,15
Salle_38,MacOS,Logiciel_3,Propriétaire,Libre_3,27,13.9,2.1,161.33,9,False,37
Salle_38,MacOS,Logiciel_4,Propriétaire,Libre_4,27,5.3,4.9,59.46,8,True,32
Salle_38,MacOS,Logiciel_5,Libre,Logiciel_5,27,10.7,7.0,0.0,5,False,64
Salle_38,MacOS,Logiciel_6,Libre,Logiciel_6,27,5.2,2.9,0.0,4,True,64
Salle_38,MacOS,Logiciel_7,Propriétaire,Libre_7,27,12.7,7.1,478.59,5,False,29
Salle_38,MacOS,Logiciel_8,Propriétaire,Libre_8,27,5.1,2.2,298.98,7,False,18
Salle_38,MacOS,Logiciel_9,Propriétaire,Libre_9,27,24.2,2.3,94.1,8,False,31
Salle_38,MacOS,Logiciel_10,Propriétaire,Libre_10,27,17.9,2.3,475.69,8,False,58
Salle_38,MacOS,Logiciel_11,Propriétaire,Libre_11,27,8.4,2.8,105.48,8,True,32
Salle_38,MacOS,Logiciel_12,Libre,Logiciel_12,27,18.7,7.7,0.0,4,False,92
Salle_38,MacOS,Logiciel_13,Propriétaire,Libre_13,27,6.5,2.0,351.7,5,False,41
Salle_38,MacOS,Logiciel_14,Propriétaire,Libre_14,27,13.3,2.1,200.92,8,False,57
Salle_38,MacOS,Logiciel_15,Libre,Logiciel_15,27,17.0,6.4,0.0,9,False,62
Salle_38,MacOS,Logiciel_16,Propriétaire,Libre_16,27,6.0,5.7,143.5,4,False,59
Salle_38,MacOS,Logiciel_17,Propriétaire,Libre_17,27,20.6,4.6,332.49,9,False,44
Salle_38,MacOS,Logiciel_18,Propriétaire,Libre_18,27,18.7,7.8,378.61,3,False,52
Salle_38,MacOS,Logiciel_19,Libre,Logiciel_19,27,8.6,6.8,0.0,4,False,77
Salle_38,MacOS,Logiciel_20,Propriétaire,Libre_20,27,16.6,7.0,411.87,7,True,46
Salle_39,Windows 11,Logiciel_1,Libre,Logiciel_1,12,14.2,6.1,0.0,8,False,71
Salle_39,Windows 11,Logiciel_2,Propriétaire,Libre_2,12,18.5,4.4,109.85,6,False,31
Salle_39,Windows 11,Logiciel_3,Libre,Logiciel_3,12,23.1,7.9,0.0,3,False,72
Salle_39,Windows 11,Logiciel_4,Propriétaire,Libre_4,12,13.4,4.1,317.2,9,True,30
Salle_39,Windows 11,Logiciel_5,Propriétaire,Libre_5,12,16.1,5.4,144.55,5,False,51
Salle_39,Windows 11,Logiciel_6,Propriétaire,Libre_6,12,5.9,6.2,198.75,7,False,40
Salle_39,Windows 11,Logiciel_7,Propriétaire,Libre_7,12,15.3,2.8,248.24,6,True,37
Salle_39,Windows 11,Logiciel_8,Propriétaire,Libre_8,12,15.3,3.7,52.91,8,False,47
Salle_39,Windows 11,Logiciel_9,Propriétaire,Libre_9,12,11.4,2.6,107.87,7,False,33
Salle_39,Windows 11,Logiciel_10,Propriétaire,Libre_10,12,19.3,4.2,106.42,5,False,45
Salle_39,Windows 11,Logiciel_11,Propriétaire,Libre_11,12,14.9,2.7,314.64,4,False,32
Salle_39,Windows 11,Logiciel_12,Propriétaire,Libre_12,12,20.0,7.5,307.46,5,True,25
Salle_39,Windows 11,Logiciel_13,Propriétaire,Libre_13,12,9.9,3.8,299.81,8,False,15
Salle_39,Windows 11,Logiciel_14,Libre,Logiciel_14,12,6.6,2.5,0.0,4,False,67
Salle_39,Windows 11,Logiciel_15,Propriétaire,Libre_15,12,13.0,6.9,56.24,9,False,54
Salle_39,Windows 11,Logiciel_16,Libre,Logiciel_16,12,23.7,2.1,0.0,5,False,54
Salle_39,Windows 11,Logiciel_17,Propriétaire,Libre_17,12,16.3,6.0,355.58,7,True,54
Salle_39,Windows 11,Logiciel_18,Libre,Logiciel_18,12,10.7,7.3,0.0,9,True,58
Salle_39,Windows 11,Logiciel_19,Propriétaire,Libre_19,12,5.0,7.4,61.08,6,False,21
Salle_39,Windows 11,Logiciel_20,Propriétaire,Libre_20,12,23.2,2.2,280.5,8,False,32
Salle_40,MacOS,Logiciel_1,Libre,Logiciel_1,16,6.7,4.3,0.0,4,False,80
Salle_40,MacOS,Logiciel_2,Libre,Logiciel_2,16,24.3,4.4,0.0,3,True,74
Salle_40,MacOS,Logiciel_3,Libre,Logiciel_3,16,16.5,3.2,0.0,8,False,84
Salle_40,MacOS,Logiciel_4,Propriétaire,Libre_4,16,17.9,6.5,154.5,5,True,56
Salle_40,MacOS,Logiciel_5,Libre,Logiciel_5,16,21.2,7.0,0.0,9,False,84
Salle_40,MacOS,Logiciel_6,Libre,Logiciel_6,16,8.7,7.7,0.0,9,True,98
Salle_40,MacOS,Logiciel_7,Propriétaire,Libre_7,16,14.7,2.7,161.84,6,False,28
Salle_40,MacOS,Logiciel_8,Libre,Logiciel_8,16,11.0,7.2,0.0,5,False,85
Salle_40,MacOS,Logiciel_9,Propriétaire,Libre_9,16,18.8,7.7,357.14,3,True,55
Salle_40,MacOS,Logiciel_10,Libre,Logiciel_10,16,15.2,2.7,0.0,4,True,60
Salle_40,MacOS,Logiciel_11,Libre,Logiciel_11,16,7.7,7.7,0.0,7,False,88
Salle_40,MacOS,Logiciel_12,Libre,Logiciel_12,16,21.2,7.7,0.0,8,False,58
Salle_40,MacOS,Logiciel_13,Libre,Logiciel_13,16,17.0,2.5,0.0,8,True,52
Salle_40,MacOS,Logiciel_14,Propriétaire,Libre_14,16,6.1,6.3,263.96,8,True,32
Salle_40,MacOS,Logiciel_15,Propriétaire,Libre_15,16,21.7,5.3,135.14,6,False,26
Salle_40,MacOS,Logiciel_16,Propriétaire,Libre_16,16,21.6,7.0,369.22,8,False,23
Salle_40,MacOS,Logiciel_17,Libre,Logiciel_17,16,18.9,4.2,0.0,3,False,72
Salle_40,MacOS,Logiciel_18,Libre,Logiciel_18,16,11.1,4.0,0.0,9,False,64
Salle_40,MacOS,Logiciel_19,Libre,Logiciel_19,16,9.7,6.2,0.0,8,False,90
Salle_40,MacOS,Logiciel_20,Propriétaire,Libre_20,16,24.6,5.5,497.96,6,False,10
Salle_41,Windows 11,Logiciel_1,Propriétaire,Libre_1,11,15.6,3.0,125.36,9,False,40
Salle_41,Windows 11,Logiciel_2,Propriétaire,Libre_2,11,13.3,2.4,228.54,4,True,23
Salle_41,Windows 11,Logiciel_3,Libre,Logiciel_3,11,15.6,4.8,0.0,7,False,84
Salle_41,Windows 11,Logiciel_4,Libre,Logiciel_4,11,22.1,6.0,0.0,5,False,51
Salle_41,Windows 11,Logiciel_5,Libre,Logiciel_5,11,18.2,6.5,0.0,3,False,54
Salle_41,Windows 11,Logiciel_6,Propriétaire,Libre_6,11,5.0,4.3,306.84,3,False,11
Salle_41,Windows 11,Logiciel_7,Propriétaire,Libre_7,11,23.3,7.1,384.03,9,False,55
Salle_41,Windows 11,Logiciel_8,Libre,Logiciel_8,11,19.5,3.4,0.0,3,True,53
Salle_41,Windows 11,Logiciel_9,Propriétaire,Libre_9,11,6.5,6.5,369.95,4,True,45
Salle_41,Windows 11,Logiciel_10,Libre,Logiciel_10,11,7.2,3.4,0.0,4,True,98
Salle_41,Windows 11,Logiciel_11,Propriétaire,Libre_11,11,21.0,4.0,249.88,9,False,26
Salle_41,Windows 11,Logiciel_12,Libre,Logiciel_12,11,22.3,2.1,0.0,4,False,53
Salle_41,Windows 11,Logiciel_13,Libre,Logiciel_13,11,14.7,7.9,0.0,8,True,50
Salle_41,Windows 11,Logiciel_14,Libre,Logiciel_14,11,13.0,7.2,0.0,7,False,63
Salle_41,Windows 11,Logiciel_15,Libre,Logiciel_15,11,11.5,7.7,0.0,5,True,69
Salle_41,Windows 11,Logiciel_16,Libre,Logiciel_16,11,5.0,3.8,0.0,3,True,96
Salle_41,Windows 11,Logiciel_17,Propriétaire,Libre_17,11,13.6,2.4,150.77,8,False,31
Salle_41,Windows 11,Logiciel_18,Libre,Logiciel_18,11,21.2,6.4,0.0,4,True,80
Salle_41,Windows 11,Logiciel_19,Propriétaire,Libre_19,11,19.2,8.0,191.58,9,True,55
Salle_41,Windows 11,Logiciel_20,Libre,Logiciel_20,11,19.4,3.7,0.0,3,True,84
Salle_42,Windows 10,Logiciel_1,Propriétaire,Libre_1,27,22.3,2.7,127.34,3,True,25
Salle_42,Windows 10,Logiciel_2,Propriétaire,Libre_2,27,22.1,2.1,280.3,3,False,52
Salle_42,Windows 10,Logiciel_3,Propriétaire,Libre_3,27,21.1,7.9,322.67,6,True,55
Salle_42,Windows 10,Logiciel_4,Libre,Logiciel_4,27,20.1,4.7,0.0,5,False,99
Salle_42,Windows 10,Logiciel_5,Propriétaire,Libre_5,27,15.1,6.8,382.76,6,False,56
Salle_42,Windows 10,Logiciel_6,Propriétaire,Libre_6,27,6.7,4.3,236.08,9,False,22
Salle_42,Windows 10,Logiciel_7,Libre,Logiciel_7,27,24.1,4.1,0.0,9,False,76
Salle_42,Windows 10,Logiciel_8,Libre,Logiciel_8,27,7.8,6.6,0.0,3,False,87
Salle_42,Windows 10,Logiciel_9,Propriétaire,Libre_9,27,20.5,4.1,332.45,9,False,42
Salle_42,Windows 10,Logiciel_10,Libre,Logiciel_10,27,23.4,7.3,0.0,9,False,56
Salle_42,Windows 10,Logiciel_11,Libre,Logiciel_11,27,16.2,6.0,0.0,8,False,56
Salle_42,Windows 10,Logiciel_12,Libre,Logiciel_12,27,18.8,5.3,0.0,6,True,59
Salle_42,Windows 10,Logiciel_13,Libre,Logiciel_13,27,18.2,5.4,0.0,6,False,90
Salle_42,Windows 10,Logiciel_14,Propriétaire,Libre_14,27,20.2,6.3,136.92,5,False,11
Salle_42,Windows 10,Logiciel_15,Propriétaire,Libre_15,27,15.3,4.5,139.71,6,True,35
Salle_42,Windows 10,Logiciel_16,Propriétaire,Libre_16,27,6.1,5.7,158.36,8,True,33
Salle_42,Windows 10,Logiciel_17,Propriétaire,Libre_17,27,11.0,2.5,459.87,4,False,33
Salle_42,Windows 10,Logiciel_18,Propriétaire,Libre_18,27,23.5,3.0,484.62,4,False,30
Salle_42,Windows 10,Logiciel_19,Propriétaire,Libre_19,27,10.6,2.5,444.48,4,True,46
Salle_42,Windows 10,Logiciel_20,Propriétaire,Libre_20,27,9.0,7.3,101.71,6,False,29
Salle_43,MacOS,Logiciel_1,Propriétaire,Libre_1,33,6.1,3.9,274.64,6,True,28
Salle_43,MacOS,Logiciel_2,Propriétaire,Libre_2,33,14.7,6.1,167.79,3,False,12
Salle_43,MacOS,Logiciel_3,Propriétaire,Libre_3,33,23.2,5.4,392.98,3,False,12
Salle_43,MacOS,Logiciel_4,Propriétaire,Libre_4,33,22.0,4.2,407.27,7,False,55
Salle_43,MacOS,Logiciel_5,Libre,Logiciel_5,33,21.1,7.1,0.0,8,False,74
Salle_43,MacOS,Logiciel_6,Propriétaire,Libre_6,33,18.5,4.7,387.03,6,False,29
Salle_43,MacOS,Logiciel_7,Propriétaire,Libre_7,33,20.0,5.3,141.83,9,False,54
Salle_43,MacOS,Logiciel_8,Propriétaire,Libre_8,33,7.1,5.2,228.1,4,False,39
Salle_43,MacOS,Logiciel_9,Propriétaire,Libre_9,33,24.2,5.2,328.23,8,False,35
Salle_43,MacOS,Logiciel_10,Propriétaire,Libre_10,33,13.6,2.3,59.94,9,True,32
Salle_43,MacOS,Logiciel_11,Propriétaire,Libre_11,33,7.8,6.4,435.63,8,False,21
Salle_43,MacOS,Logiciel_12,Libre,Logiciel_12,33,22.1,4.5,0.0,5,False,95
Salle_43,MacOS,Logiciel_13,Propriétaire,Libre_13,33,22.9,2.7,197.53,5,False,49
Salle_43,MacOS,Logiciel_14,Propriétaire,Libre_14,33,22.1,4.0,441.34,5,True,16
Salle_43,MacOS,Logiciel_15,Libre,Logiciel_15,33,8.6,4.6,0.0,4,False,86
Salle_43,MacOS,Logiciel_16,Propriétaire,Libre_16,33,7.8,3.7,283.13,7,False,47
Salle_43,MacOS,Logiciel_17,Libre,Logiciel_17,33,18.3,4.6,0.0,8,True,59
Salle_43,MacOS,Logiciel_18,Libre,Logiciel_18,33,15.6,3.6,0.0,3,False,66
Salle_43,MacOS,Logiciel_19,Propriétaire,Libre_19,33,11.1,5.2,303.99,6,True,43
Salle_43,MacOS,Logiciel_20,Propriétaire,Libre_20,33,17.3,7.8,377.43,4,True,19
Salle_44,Windows 11,Logiciel_1,Propriétaire,Libre_1,11,18.3,5.7,321.11,3,False,20
Salle_44,Windows 11,Logiciel_2,Propriétaire,Libre_2,11,19.6,6.9,165.87,6,True,21
Salle_44,Windows 11,Logiciel_3,Propriétaire,Libre_3,11,22.1,6.5,412.3,6,False,48
Salle_44,Windows 11,Logiciel_4,Libre,Logiciel_4,11,12.8,3.7,0.0,4,False,93
Salle_44,Windows 11,Logiciel_5,Propriétaire,Libre_5,11,22.0,2.2,72.35,5,False,33
Salle_44,Windows 11,Logiciel_6,Propriétaire,Libre_6,11,18.5,4.0,130.82,3,True,33
Salle_44,Windows 11,Logiciel_7,Propriétaire,Libre_7,11,20.7,6.5,255.57,6,True,36
Salle_44,Windows 11,Logiciel_8,Propriétaire,Libre_8,11,21.6,4.3,491.53,3,True,43
Salle_44,Windows 11,Logiciel_9,Propriétaire,Libre_9,11,13.5,4.3,373.58,9,False,30
Salle_44,Windows 11,Logiciel_10,Propriétaire,Libre_10,11,7.0,4.4,327.52,5,False,27
Salle_44,Windows 11,Logiciel_11,Propriétaire,Libre_11,11,11.3,2.6,215.06,4,False,58
Salle_44,Windows 11,Logiciel_12,Libre,Logiciel_12,11,24.4,7.2,0.0,9,True,74
Salle_44,Windows 11,Logiciel_13,Propriétaire,Libre_13,11,17.6,4.7,266.91,9,True,25
Salle_44,Windows 11,Logiciel_14,Propriétaire,Libre_14,11,23.5,2.3,268.54,3,False,35
Salle_44,Windows 11,Logiciel_15,Propriétaire,Libre_15,11,10.0,4.1,433.42,5,True,21
Salle_44,Windows 11,Logiciel_16,Libre,Logiciel_16,11,19.9,5.2,0.0,7,False,51
Salle_44,Windows 11,Logiciel_17,Propriétaire,Libre_17,11,12.9,7.1,205.64,9,False,18
Salle_44,Windows 11,Logiciel_18,Propriétaire,Libre_18,11,22.6,5.9,454.66,7,True,55
Salle_44,Windows 11,Logiciel_19,Propriétaire,Libre_19,11,9.0,7.5,392.18,5,False,57
Salle_44,Windows 11,Logiciel_20,Propriétaire,Libre_20,11,12.5,3.3,363.11,7,True,38
Salle_45,MacOS,Logiciel_1,Propriétaire,Libre_1,30,13.9,7.1,142.7,5,True,13
Salle_45,MacOS,Logiciel_2,Libre,Logiciel_2,30,21.2,3.9,0.0,6,False,86
Salle_45,MacOS,Logiciel_3,Propriétaire,Libre_3,30,5.7,5.0,231.36,6,False,44
Salle_45,MacOS,Logiciel_4,Propriétaire,Libre_4,30,23.7,6.5,473.6,4,False,51
Salle_45,MacOS,Logiciel_5,Propriétaire,Libre_5,30,17.6,3.3,332.36,7,False,19
Salle_45,MacOS,Logiciel_6,Propriétaire,Libre_6,30,9.7,3.9,229.61,8,True,21
Salle_45,MacOS,Logiciel_7,Libre,Logiciel_7,30,23.4,2.3,0.0,6,False,61
Salle_45,MacOS,Logiciel_8,Propriétaire,Libre_8,30,17.6,5.8,432.73,5,False,43
Salle_45,MacOS,Logiciel_9,Libre,Logiciel_9,30,12.9,5.6,0.0,7,True,77
Salle_45,MacOS,Logiciel_10,Propriétaire,Libre_10,30,6.2,3.8,263.44,9,False,26
Salle_45,MacOS,Logiciel_11,Propriétaire,Libre_11,30,6.1,5.5,447.95,9,True,47
Salle_45,MacOS,Logiciel_12,Libre,Logiciel_12,30,6.5,3.7,0.0,6,False,51
Salle_45,MacOS,Logiciel_13,Libre,Logiciel_13,30,7.6,6.8,0.0,9,False,89
Salle_45,MacOS,Logiciel_14,Propriétaire,Libre_14,30,15.3,7.1,260.1,4,False,56
Salle_45,MacOS,Logiciel_15,Libre,Logiciel_15,30,13.9,7.6,0.0,8,False,85
Salle_45,MacOS,Logiciel_16,Libre,Logiciel_16,30,18.8,7.2,0.0,4,False,98
Salle_45,MacOS,Logiciel_17,Propriétaire,Libre_17,30,5.6,6.4,443.31,4,False,29
Salle_45,MacOS,Logiciel_18,Propriétaire,Libre_18,30,24.4,5.1,180.89,4,False,28
Salle_45,MacOS,Logiciel_19,Propriétaire,Libre_19,30,8.9,2.8,184.04,6,False,53
Salle_45,MacOS,Logiciel_20,Propriétaire,Libre_20,30,8.3,4.0,472.97,7,True,41
Salle_46,Windows 10,Logiciel_1,Propriétaire,Libre_1,19,22.8,4.8,369.35,6,False,30
Salle_46,Windows 10,Logiciel_2,Propriétaire,Libre_2,19,19.4,3.7,132.94,7,True,26
Salle_46,Windows 10,Logiciel_3,Libre,Logiciel_3,19,7.7,4.8,0.0,7,False,92
Salle_46,Windows 10,Logiciel_4,Propriétaire,Libre_4,19,20.7,2.1,392.85,3,False,52
Salle_46,Windows 10,Logiciel_5,Propriétaire,Libre_5,19,14.5,4.3,449.34,3,False,36
Salle_46,Windows 10,Logiciel_6,Libre,Logiciel_6,19,23.5,7.8,0.0,9,True,87
Salle_46,Windows 10,Logiciel_7,Propriétaire,Libre_7,19,24.2,2.9,310.92,8,False,28
Salle_46,Windows 10,Logiciel_8,Propriétaire,Libre_8,19,25.0,2.3,310.34,3,False,34
Salle_46,Windows 10,Logiciel_9,Propriétaire,Libre_9,19,15.2,3.6,192.41,7,False,57
Salle_46,Windows 10,Logiciel_10,Libre,Logiciel_10,19,11.7,5.4,0.0,9,False,51
Salle_46,Windows 10,Logiciel_11,Libre,Logiciel_11,19,18.6,5.4,0.0,4,False,69
Salle_46,Windows 10,Logiciel_12,Libre,Logiciel_12,19,5.5,5.2,0.0,8,False,66
Salle_46,Windows 10,Logiciel_13,Propriétaire,Libre_13,19,22.3,7.7,156.52,9,False,54
Salle_46,Windows 10,Logiciel_14,Propriétaire,Libre_14,19,7.6,2.3,430.26,7,True,33
Salle_46,Windows 10,Logiciel_15,Libre,Logiciel_15,19,15.3,7.9,0.0,6,True,79
Salle_46,Windows 10,Logiciel_16,Libre,Logiciel_16,19,8.4,4.3,0.0,9,True,58
Salle_46,Windows 10,Logiciel_17,Libre,Logiciel_17,19,14.7,6.8,0.0,8,False,94
Salle_46,Windows 10,Logiciel_18,Libre,Logiciel_18,19,9.8,3.3,0.0,3,True,81
Salle_46,Windows 10,Logiciel_19,Libre,Logiciel_19,19,15.2,4.7,0.0,8,True,77
Salle_46,Windows 10,Logiciel_20,Libre,Logiciel_20,19,7.8,5.4,0.0,6,False,80
Salle_47,Linux,Logiciel_1,Propriétaire,Libre_1,11,7.6,3.6,311.55,3,True,44
Salle_47,Linux,Logiciel_2,Propriétaire,Libre_2,11,15.3,6.1,426.85,3,False,11
Salle_47,Linux,Logiciel_3,Propriétaire,Libre_3,11,18.8,3.6,381.41,8,True,24
Salle_47,Linux,Logiciel_4,Propriétaire,Libre_4,11,12.1,3.9,270.96,7,False,51
Salle_47,Linux,Logiciel_5,Propriétaire,Libre_5,11,24.5,4.5,250.12,8,False,26
Salle_47,Linux,Logiciel_6,Propriétaire,Libre_6,11,18.6,6.3,323.3,9,False,43
Salle_47,Linux,Logiciel_7,Propriétaire,Libre_7,11,16.9,6.4,144.94,6,False,15
Salle_47,Linux,Logiciel_8,Libre,Logiciel_8,11,14.2,3.3,0.0,8,False,52
Salle_47,Linux,Logiciel_9,Propriétaire,Libre_9,11,14.7,3.3,164.29,4,True,48
Salle_47,Linux,Logiciel_10,Libre,Logiciel_10,11,10.4,6.6,0.0,4,True,62
Salle_47,Linux,Logiciel_11,Propriétaire,Libre_11,11,12.8,7.9,479.6,5,False,46
Salle_47,Linux,Logiciel_12,Propriétaire,Libre_12,11,11.3,3.6,277.67,7,False,23
Salle_47,Linux,Logiciel_13,Propriétaire,Libre_13,11,17.9,3.1,154.58,3,False,22
Salle_47,Linux,Logiciel_14,Propriétaire,Libre_14,11,11.6,6.2,394.81,9,True,12
Salle_47,Linux,Logiciel_15,Propriétaire,Libre_15,11,13.9,6.4,361.81,9,True,54
Salle_47,Linux,Logiciel_16,Libre,Logiciel_16,11,23.3,2.9,0.0,8,False,94
Salle_47,Linux,Logiciel_17,Propriétaire,Libre_17,11,10.2,5.1,375.0,7,False,51
Salle_47,Linux,Logiciel_18,Libre,Logiciel_18,11,13.9,2.2,0.0,7,False,51
Salle_47,Linux,Logiciel_19,Libre,Logiciel_19,11,7.5,5.9,0.0,4,True,74
Salle_47,Linux,Logiciel_20,Propriétaire,Libre_20,11,11.0,4.7,123.6,9,True,15
Salle_48,Windows 11,Logiciel_1,Libre,Logiciel_1,15,17.6,4.6,0.0,3,False,86
Salle_48,Windows 11,Logiciel_2,Libre,Logiciel_2,15,10.3,6.8,0.0,7,True,87
Salle_48,Windows 11,Logiciel_3,Propriétaire,Libre_3,15,22.3,5.0,183.44,9,True,57
Salle_48,Windows 11,Logiciel_4,Libre,Logiciel_4,15,9.4,2.6,0.0,8,True,77
Salle_48,Windows 11,Logiciel_5,Propriétaire,Libre_5,15,18.3,3.6,459.8,6,False,54
Salle_48,Windows 11,Logiciel_6,Libre,Logiciel_6,15,17.9,3.9,0.0,7,True,56
Salle_48,Windows 11,Logiciel_7,Propriétaire,Libre_7,15,10.2,4.3,474.34,4,False,41
Salle_48,Windows 11,Logiciel_8,Libre,Logiciel_8,15,7.3,6.4,0.0,7,False,88
Salle_48,Windows 11,Logiciel_9,Libre,Logiciel_9,15,10.3,3.7,0.0,6,False,87
Salle_48,Windows 11,Logiciel_10,Libre,Logiciel_10,15,19.5,7.0,0.0,9,False,51
Salle_48,Windows 11,Logiciel_11,Propriétaire,Libre_11,15,21.4,5.9,341.3,5,False,37
Salle_48,Windows 11,Logiciel_12,Libre,Logiciel_12,15,23.2,4.6,0.0,5,True,51
Salle_48,Windows 11,Logiciel_13,Libre,Logiciel_13,15,19.0,4.8,0.0,7,False,83
Salle_48,Windows 11,Logiciel_14,Propriétaire,Libre_14,15,23.6,5.8,190.24,8,False,56
Salle_48,Windows 11,Logiciel_15,Libre,Logiciel_15,15,12.2,4.9,0.0,8,False,70
Salle_48,Windows 11,Logiciel_16,Libre,Logiciel_16,15,19.3,3.6,0.0,7,True,65
Salle_48,Windows 11,Logiciel_17,Propriétaire,Libre_17,15,17.0,7.2,450.87,9,False,11
Salle_48,Windows 11,Logiciel_18,Libre,Logiciel_18,15,21.4,3.5,0.0,5,True,74
Salle_48,Windows 11,Logiciel_19,Libre,Logiciel_19,15,9.9,5.3,0.0,8,True,70
Salle_48,Windows 11,Logiciel_20,Libre,Logiciel_20,15,6.0,7.1,0.0,9,False,78
Salle_49,Windows 10,Logiciel_1,Propriétaire,Libre_1,25,20.1,5.5,133.97,6,True,46
Salle_49,Windows 10,Logiciel_2,Propriétaire,Libre_2,25,16.8,7.0,57.87,6,True,40
Salle_49,Windows 10,Logiciel_3,Libre,Logiciel_3,25,11.5,4.1,0.0,9,False,62
Salle_49,Windows 10,Logiciel_4,Propriétaire,Libre_4,25,19.7,5.8,311.34,9,False,51
Salle_49,Windows 10,Logiciel_5,Propriétaire,Libre_5,25,12.0,2.8,108.44,3,False,36
Salle_49,Windows 10,Logiciel_6,Libre,Logiciel_6,25,17.6,3.1,0.0,8,False,55
Salle_49,Windows 10,Logiciel_7,Propriétaire,Libre_7,25,17.4,6.7,366.47,9,False,31
Salle_49,Windows 10,Logiciel_8,Libre,Logiciel_8,25,22.0,3.7,0.0,3,True,50
Salle_49,Windows 10,Logiciel_9,Propriétaire,Libre_9,25,24.1,3.3,405.02,9,True,31
Salle_49,Windows 10,Logiciel_10,Libre,Logiciel_10,25,6.0,4.9,0.0,9,False,73
Salle_49,Windows 10,Logiciel_11,Propriétaire,Libre_11,25,23.2,2.9,340.67,8,False,24
Salle_49,Windows 10,Logiciel_12,Libre,Logiciel_12,25,16.9,6.5,0.0,5,False,54
Salle_49,Windows 10,Logiciel_13,Propriétaire,Libre_13,25,24.7,3.8,182.67,4,True,16
Salle_49,Windows 10,Logiciel_14,Propriétaire,Libre_14,25,23.3,3.6,453.12,7,False,11
Salle_49,Windows 10,Logiciel_15,Libre,Logiciel_15,25,8.4,7.8,0.0,4,False,81
Salle_49,Windows 10,Logiciel_16,Libre,Logiciel_16,25,11.0,3.1,0.0,8,True,74
Salle_49,Windows 10,Logiciel_17,Propriétaire,Libre_17,25,15.3,2.6,240.57,5,False,46
Salle_49,Windows 10,Logiciel_18,Propriétaire,Libre_18,25,8.3,7.5,419.66,4,True,27
Salle_49,Windows 10,Logiciel_19,Propriétaire,Libre_19,25,18.5,6.1,332.93,9,True,35
Salle_49,Windows 10,Logiciel_20,Propriétaire,Libre_20,25,22.8,5.4,424.58,8,False,11
Salle_50,MacOS,Logiciel_1,Libre,Logiciel_1,29,24.6,7.9,0.0,9,True,69
Salle_50,MacOS,Logiciel_2,Propriétaire,Libre_2,29,9.5,7.1,417.7,6,False,16
Salle_50,MacOS,Logiciel_3,Propriétaire,Libre_3,29,6.6,5.4,94.26,4,False,14
Salle_50,MacOS,Logiciel_4,Libre,Logiciel_4,29,19.7,3.5,0.0,6,False,78
Salle_50,MacOS,Logiciel_5,Libre,Logiciel_5,29,19.4,3.5,0.0,4,True,78
Salle_50,MacOS,Logiciel_6,Propriétaire,Libre_6,29,14.2,2.6,454.17,5,False,59
Salle_50,MacOS,Logiciel_7,Propriétaire,Libre_7,29,7.1,2.1,459.3,9,True,57
Salle_50,MacOS,Logiciel_8,Libre,Logiciel_8,29,9.2,3.6,0.0,8,False,86
Salle_50,MacOS,Logiciel_9,Propriétaire,Libre_9,29,20.4,5.8,494.82,7,False,41
Salle_50,MacOS,Logiciel_10,Libre,Logiciel_10,29,15.4,3.3,0.0,7,False,79
Salle_50,MacOS,Logiciel_11,Propriétaire,Libre_11,29,13.0,4.5,281.55,5,True,53
Salle_50,MacOS,Logiciel_12,Propriétaire,Libre_12,29,6.1,2.1,114.63,6,True,53
Salle_50,MacOS,Logiciel_13,Libre,Logiciel_13,29,9.9,3.8,0.0,7,False,93
Salle_50,MacOS,Logiciel_14,Libre,Logiciel_14,29,24.7,4.2,0.0,4,False,56
Salle_50,MacOS,Logiciel_15,Propriétaire,Libre_15,29,16.6,3.8,65.48,3,False,15
Salle_50,MacOS,Logiciel_16,Libre,Logiciel_16,29,16.9,7.3,0.0,3,False,60
Salle_50,MacOS,Logiciel_17,Libre,Logiciel_17,29,13.3,2.9,0.0,6,True,71
Salle_50,MacOS,Logiciel_18,Propriétaire,Libre_18,29,14.0,4.1,127.74,8,False,56
Salle_50,MacOS,Logiciel_19,Libre,Logiciel_19,29,22.0,7.2,0.0,7,False,57
Salle_50,MacOS,Logiciel_20,Libre,Logiciel_20,29,23.9,5.8,0.0,5,False,99
